commodity,published_at_utc,title,url,source_name,provider,cause_event,cause_route_key,cause_claim_status,cause_classification,is_primary_cause,fundamental_score,impact_score,confidence,max_abs_z_1h,max_abs_z_1d,verified_move_1h,verified_move_1d,post_effect_news_count_24h,verification_score,quality_score,manual_note
BRN,2026-03-02T08:44:49Z,"Waiting for Hormuz, More Oil Tankers Gather in the Persian Gulf",https://www.insurancejournal.com/news/international/2026/03/02/860030.htm,Insurance Journal,newsapi,chokepoint_closure,chokepoint:hormuz->seaborne_crude->BRN,confirmed,cause,True,1.0,0.84158,0.644625,6.484862,6.484862,True,True,108,1.162122,8.22698,"tier=1;bucket=1;kw=1;verified(1h=1,1d=1)"
BRN,2026-03-02T08:06:44Z,Oil soars amid Strait of Hormuz shipping fears as Iran war drives prices to nearly $80,https://www.cnbc.com/2026/03/02/iran-us-oil-strait-hormuz-war-middle-east-energy-brent-crude-wti-conflict.html,CNBC,newsapi,middle_east_supply_risk,,confirmed,cause,True,0.77,1.0,0.893132,6.484862,6.484862,True,True,115,1.162122,8.154801,"tier=1;bucket=1;kw=1;verified(1h=1,1d=1)"
BRN,2026-02-28T10:14:32Z,What’s at stake for oil markets as Trump strikes Iran,https://finance.yahoo.com/news/stake-oil-markets-trump-strikes-101432270.html,Yahoo Entertainment,newsapi,exporter_military_strike_risk,exporter:iran->seaborne_crude->BRN,confirmed,cause,True,1.0,1.0,0.761536,2.689989,3.23962,True,True,114,1.08099,8.000317,"tier=1;bucket=1;kw=1;verified(1h=1,1d=1)"
BRN,2026-03-04T17:30:00Z,Fuel anxiety spreads in Asia as Hormuz closure throttles supplies,https://asia.nikkei.com/business/energy/fuel-anxiety-spreads-in-asia-as-hormuz-closure-throttles-supplies,asia.nikkei.com,gdelt,chokepoint_closure,chokepoint:hormuz->seaborne_crude->BRN,confirmed,cause,True,1.0,1.0,0.775116,2.109753,7.624228,True,True,4821,1.190606,7.950114,"tier=1;bucket=1;kw=1;verified(1h=1,1d=1)"
BRN,2026-03-02T09:51:06Z,Oil Could Pass $100 as Strait of Hormuz Traffic Halts,https://www.rigzone.com/news/oil_could_pass_100_as_strait_of_hormuz_traffic_halts-02-mar-2026-183099-article/,Rigzone,newsapi,chokepoint_closure,chokepoint:hormuz->seaborne_crude->BRN,rumor,mixed,False,0.85,1.0,0.832901,1.552109,5.816057,True,True,104,1.145401,7.887609,"tier=1;bucket=1;kw=1;verified(1h=1,1d=1)"
BRN,2026-03-02T08:07:21Z,Oil could top USD 100 as Strait of Hormuz closure halts flows,https://economictimes.indiatimes.com/markets/commodities/news/oil-could-top-usd-100-as-strait-of-hormuz-closure-halts-flows/articleshow/128941241.cms,The Times of India,newsapi,chokepoint_closure,chokepoint:hormuz->seaborne_crude->BRN,rumor,mixed,False,0.85,0.965206,0.728073,6.484862,6.484862,True,True,114,1.162122,7.815592,"tier=1;bucket=1;kw=1;verified(1h=1,1d=1)"
BRN,2026-03-03T20:30:00Z,Global fertilizer market on edge as Strait of Hormuz closure puts sulfur supply and phosphate production at risk,https://www.brownfieldagnews.com/news/global-fertilizer-market-on-edge-as-strait-of-hormuz-closure-puts-sulfur-supply-and-phosphate-production-at-risk/,brownfieldagnews.com,gdelt,chokepoint_closure,chokepoint:hormuz->seaborne_crude->BRN,confirmed,cause,True,1.0,1.0,0.89247,2.2773,5.347009,True,True,5457,1.133675,7.75435,"tier=1;bucket=1;kw=1;verified(1h=1,1d=1)"
BRN,2026-03-02T08:20:09Z,Crude oil could top $100 as Strait of Hormuz closure halts flows,https://www.thehindubusinessline.com/markets/commodities/crude-oil-could-top-100-as-strait-of-hormuz-closure-halts-flows/article70694535.ece,BusinessLine,newsapi,chokepoint_closure,chokepoint:hormuz->seaborne_crude->BRN,rumor,mixed,False,0.85,0.905897,0.69749,6.484862,6.484862,True,True,111,1.162122,7.684183,"tier=1;bucket=1;kw=1;verified(1h=1,1d=1)"
BRN,2026-03-03T15:00:00Z,"Strait of Hormuz closed : For India , exim trade , oil imports remain a key worry",https://www.businesstoday.in/latest/economy/story/strait-of-hormuz-closed-for-india-exim-trade-oil-imports-remain-a-key-worry-519045-2026-03-03,businesstoday.in,gdelt,chokepoint_closure,chokepoint:hormuz->seaborne_crude->BRN,confirmed,cause,True,1.0,0.956101,0.691998,2.519476,5.347009,True,True,5497,1.133675,7.645917,"tier=1;bucket=1;kw=1;verified(1h=1,1d=1)"
BRN,2026-03-04T15:30:00Z,Hormuz shutdown worsens after US hits Iranian warship ; tankers stranded for fifth day,https://www.al-monitor.com/originals/2026/03/hormuz-shutdown-worsens-after-us-hits-iranian-warship-tankers-stranded-fifth-day,al-monitor.com,gdelt,producer_outage,chokepoint:hormuz->seaborne_crude->BRN,confirmed,cause,True,1.0,0.864639,0.640866,1.801952,7.624228,True,True,5251,1.190606,7.58575,"tier=1;bucket=1;kw=1;verified(1h=1,1d=1)"
BRN,2026-03-02T08:17:16Z,Belgium Seizes Suspected Russian Shadow Fleet Tanker,https://www.insurancejournal.com/news/international/2026/03/02/860025.htm,Insurance Journal,newsapi,export_restriction,exporter:russia->seaborne_crude->BRN,confirmed,cause,True,1.0,0.618086,0.509595,6.484862,6.484862,True,True,112,1.162122,7.545343,"tier=1;bucket=1;kw=1;verified(1h=1,1d=1)"
BRN,2026-03-03T17:15:00Z,"China Panics , Urges Ceasefire To Reopen Strait Of Hormuz As Beijing Is Addicted To Cheap Iranian Crude",https://www.zerohedge.com/geopolitical/china-panics-urges-ceasefire-reopen-strait-hormuz-beijing-addicted-cheap-iranian-crude,zerohedge.com,gdelt,chokepoint_reopen,chokepoint:hormuz->seaborne_crude->BRN,confirmed,cause,True,1.0,0.897526,0.676958,2.184636,5.347009,True,True,5559,1.133675,7.531299,"tier=1;bucket=1;kw=1;verified(1h=1,1d=1)"
BRN,2026-03-03T11:07:56Z,"West Asia Crisis: War cover premiums rise for freight carriers, impacting shipping costs",https://economictimes.indiatimes.com/industry/transportation/shipping-/-transport/crisis-in-west-asia-drives-up-shipping-insurance-premiums-raising-costs-for-freight-carriers/articleshow/128967522.cms,The Times of India,newsapi,transport_disruption,,confirmed,cause,True,0.6,0.980132,0.718769,1.394085,5.347009,True,True,5294,1.133675,7.522607,"tier=1;bucket=1;kw=1;verified(1h=1,1d=1)"
BRN,2026-03-03T10:45:40Z,Analysts Warn of Largest Oil Supply Disruption in History,https://www.rigzone.com/news/analysts_warn_of_largest_oil_supply_disruption_in_history-03-mar-2026-183112-article/,Rigzone,newsapi,middle_east_supply_risk,,confirmed,cause,True,0.77,0.930479,0.677359,1.394085,5.347009,True,True,5223,1.133675,7.49772,"tier=1;bucket=1;kw=1;verified(1h=1,1d=1)"
BRN,2026-03-02T08:23:39Z,"Indian edible oil, oilmeals sector turn cautious amid Iran crisis",https://www.thehindubusinessline.com/economy/agri-business/indian-edible-oil-oilmeals-sector-turn-cautious-amid-iran-crisis/article70694422.ece,BusinessLine,newsapi,transport_disruption,,confirmed,cause,True,0.74,1.0,0.706211,6.484862,6.484862,True,True,112,1.162122,7.49428,"tier=1;bucket=1;kw=1;verified(1h=1,1d=1)"
BRN,2026-02-28T08:55:28Z,How will Israel and US’ strike on Iran disrupt global oil and gas trade: Explained,https://www.thehindubusinessline.com/markets/commodities/how-will-israel-and-us-strike-on-iran-disrupt-global-oil-and-gas-trade-explained/article70687426.ece,BusinessLine,newsapi,exporter_military_strike_risk,exporter:iran->seaborne_crude->BRN,rumor,mixed,False,0.85,1.0,0.733047,6.299617,7.184589,True,True,121,1.179615,7.475928,"tier=1;bucket=1;kw=1;verified(1h=1,1d=1)"
BRN,2026-03-04T16:30:00Z,Hormuz tensions send crude prices sharply higher,http://www.zimbabwestar.com/news/278898974/hormuz-tensions-send-crude-prices-sharply-higher,zimbabwestar.com,gdelt,transport_disruption,,confirmed,cause,True,0.6,1.0,0.983837,1.503334,7.624228,True,True,4981,1.190606,7.467902,"tier=1;bucket=1;kw=1;verified(1h=1,1d=1)"
BRN,2026-03-04T15:45:00Z,Hormuz tensions send crude prices sharply higher,http://www.hongkongherald.com/news/278898974/hormuz-tensions-send-crude-prices-sharply-higher,hongkongherald.com,gdelt,transport_disruption,,confirmed,cause,True,0.6,1.0,0.983837,1.801952,7.624228,True,True,5171,1.190606,7.467902,"tier=1;bucket=1;kw=1;verified(1h=1,1d=1)"
BRN,2026-03-04T15:15:00Z,Hormuz tensions send crude prices sharply higher,http://www.austinglobe.com/news/278898974/hormuz-tensions-send-crude-prices-sharply-higher,austinglobe.com,gdelt,transport_disruption,,confirmed,cause,True,0.6,1.0,0.983837,1.801952,7.624228,True,True,5331,1.190606,7.467902,"tier=1;bucket=1;kw=1;verified(1h=1,1d=1)"
BRN,2026-03-04T13:15:00Z,Hormuz tensions send crude prices sharply higher,http://www.africaleader.com/news/278898974/hormuz-tensions-send-crude-prices-sharply-higher,africaleader.com,gdelt,transport_disruption,,confirmed,cause,True,0.6,1.0,0.983837,1.815811,7.624228,True,True,5382,1.190606,7.467902,"tier=1;bucket=1;kw=1;verified(1h=1,1d=1)"
NG_US,2026-03-03T14:00:00Z,Oil and natural gas surge after Iran orders Strait of Hormuz closure,https://www.cnbc.com/2026/03/03/crude-oil-prices-today-iran-war.html,cnbc.com,gdelt,chokepoint_closure,chokepoint:hormuz->lng_shipping->NG_US,confirmed,cause,True,1.0,1.0,0.992589,4.389507,4.389507,True,True,3314,1.109738,7.722813,"tier=1;bucket=1;kw=1;verified(1h=1,1d=1)"
NG_US,2026-03-02T07:27:47Z,Goldman: Asian and European LNG Prices Could Jump 130%,https://oilprice.com/Latest-Energy-News/World-News/Goldman-Asian-and-European-LNG-Prices-Could-Jump-130.html,OilPrice.com,newsapi,transport_disruption,,confirmed,cause,True,0.6,1.0,0.768693,0.0,8.928127,False,True,65,0.75,7.084426,"tier=1;bucket=1;kw=1;verified(1h=0,1d=1)"
NG_US,2026-02-23T09:41:21Z,Natural gas prices pop as huge winter storm slams U.S. northeast; New York City issues travel ban,https://www.cnbc.com/2026/02/23/gas-prices-winter-storm-new-york-city-travel-ban.html,CNBC,newsapi,extreme_weather_supply_shock,,confirmed,mixed,True,0.52,1.0,0.953347,3.434958,6.091309,True,True,95,1.152283,6.927735,"tier=1;bucket=1;kw=1;verified(1h=1,1d=1)"
NG_US,2026-03-04T11:30:00Z,"Hormuz crisis boosts LNG demand , lifts orders for Korea shipbuilders | Hellenic Shipping News Worldwide",https://www.hellenicshippingnews.com/hormuz-crisis-boosts-lng-demand-lifts-orders-for-koreas-shipbuilders/,hellenicshippingnews.com,gdelt,transport_disruption,,confirmed,cause,True,0.6,1.0,0.751476,1.725397,5.601153,True,True,2484,1.140029,6.790701,"tier=1;bucket=1;kw=1;verified(1h=1,1d=1)"
NG_US,2026-02-28T15:04:36Z,"Oil and gas majors and traders suspend shipments via Hormuz as US attacks Iran, sources say",https://www.thehindubusinessline.com/markets/commodities/oil-and-gas-majors-and-traders-suspend-shipments-via-hormuz-as-us-attacks-iran-sources-say/article70688736.ece,BusinessLine,newsapi,transport_disruption,,confirmed,cause,True,0.6,0.889406,0.640373,2.181453,6.31459,True,True,40,1.157865,6.756353,"tier=1;bucket=1;kw=1;verified(1h=1,1d=1)"
NG_US,2026-02-25T20:22:09Z,"Switzerland bans purchase, import of Russian gas",https://punchng.com/switzerland-bans-purchase-import-of-russian-gas/,The Punch,newsapi,export_restriction,,confirmed,cause,True,0.76,0.703083,0.552794,2.72945,5.748352,True,True,178,1.143709,6.687133,"tier=1;bucket=1;kw=1;verified(1h=1,1d=1)"
NG_US,2026-03-01T00:59:24Z,"Oil and gas majors and traders suspend shipments via Hormuz, sources say",https://economictimes.indiatimes.com/industry/energy/oil-gas/oil-prices-gas-majors-and-traders-suspend-shipments-via-hormuz-sources-say/articleshow/128902327.cms,The Times of India,newsapi,chokepoint_closure,chokepoint:hormuz->lng_shipping->NG_US,confirmed,cause,True,1.0,0.770912,0.571301,0.0,6.31459,False,True,37,0.707865,6.623441,"tier=1;bucket=1;kw=1;verified(1h=0,1d=1)"
NG_US,2026-02-28T11:29:36Z,Gasoline Prices Will Rise - But How High And For How Long?,https://www.forbes.com/sites/davidblackmon/2026/02/28/gasoline-prices-will-risebut-how-high-and-for-how-long/,Forbes,newsapi,transport_disruption,,confirmed,cause,True,0.6,0.854936,0.664311,1.233869,6.31459,True,True,51,1.157865,6.555025,"tier=1;bucket=1;kw=1;verified(1h=1,1d=1)"
NG_US,2026-03-04T23:45:00Z,Middle East oil and LNG shipping costs hit record highs amid Strait of Hormuz closure,https://journalrecord.com/2026/03/04/middle-east-oil-lng-shipping-costs-strait-hormuz/,journalrecord.com,gdelt,chokepoint_closure,chokepoint:hormuz->lng_shipping->NG_US,confirmed,cause,True,1.0,0.771874,0.61421,0.0,5.601153,False,True,1236,0.690029,6.403221,"tier=1;bucket=1;kw=1;verified(1h=0,1d=1)"
NG_US,2026-03-03T05:10:23Z,"As Iran crisis upends oil and gas, clean energy gets complicated",https://www.bloomberg.com/news/articles/2026-03-02/middle-east-conflict-what-it-means-for-the-green-energy-transition,Bloomberg,newsapi,transport_disruption,,confirmed,cause,True,0.6,1.0,0.734739,0.0,4.389507,False,True,2148,0.659738,6.387363,"tier=1;bucket=1;kw=1;verified(1h=0,1d=1)"
NG_US,2026-02-28T12:30:22Z,What The US Conflict With Iran Means For Global Energy,https://www.forbes.com/sites/guneyyildiz/2026/02/28/the-first-shots-of-a-new-order-what-the-us-iran-war-means-for-global-energy/,Forbes,newsapi,transport_disruption,,confirmed,cause,True,0.6,0.776359,0.62448,2.802465,6.31459,True,True,47,1.157865,6.381613,"tier=1;bucket=1;kw=1;verified(1h=1,1d=1)"
NG_US,2026-03-02T09:07:00Z,Goldman Sachs warning: Gas prices in Europe could surge 130% in worst-case scenario,https://en.protothema.gr/2026/03/02/goldman-sachs-warning-gas-prices-in-europe-could-surge-130-in-worst-case-scenario/,Protothema.gr,newsapi,transport_disruption,,confirmed,cause,True,0.6,0.870932,0.657329,1.288917,4.212858,True,True,75,1.105321,6.286248,"tier=1;bucket=1;kw=1;verified(1h=1,1d=1)"
NG_US,2026-03-05T14:00:00Z,"Qatar halts gas exports amid Strait of Hormuz closure , global supply concerns rise",https://dunyanews.tv/en/Business/938926-qatar-halts-gas-exports-amid-strait-of-hormuz-closure-global-supply-c,dunyanews.tv,gdelt,chokepoint_closure,chokepoint:hormuz->lng_shipping->NG_US,confirmed,cause,True,1.0,0.824086,0.642219,0.0,2.064969,False,True,0,0.601624,6.033765,"tier=1;bucket=1;kw=1;verified(1h=0,1d=1)"
NG_US,2026-03-02T07:51:43Z,"Escalating hostilities in the Middle East risk renewed energy, inflation shocks: Moody's",https://www.thehindubusinessline.com/economy/escalating-hostilities-in-the-middle-east-risk-renewed-energy-inflation-shocks-moodys/article70694391.ece,BusinessLine,newsapi,transport_disruption,,confirmed,cause,True,0.6,0.850759,0.636375,0.0,8.928127,False,True,64,0.75,6.031732,"tier=1;bucket=1;kw=1;verified(1h=0,1d=1)"
NG_US,2026-03-01T05:35:14Z,Iran crisis threatens worst disruption in gas markets since 2022,https://economictimes.indiatimes.com/industry/energy/oil-gas/iran-crisis-threatens-worst-disruption-in-gas-markets-since-2022/articleshow/128906583.cms,The Times of India,newsapi,transport_disruption,,confirmed,cause,True,0.6,0.785069,0.61771,0.0,6.31459,False,True,50,0.707865,6.002983,"tier=1;bucket=1;kw=1;verified(1h=0,1d=1)"
NG_US,2026-02-22T13:36:24Z,"Iran-US tensions: What would blocking Strait of Hormuz mean for oil, LNG?",https://www.aljazeera.com/news/2026/2/22/iran-us-tensions-what-would-blocking-strait-of-hormuz-mean-for-oil-lng,Al Jazeera English,newsapi,transport_disruption,,confirmed,cause,True,0.6,1.0,0.78048,0.0,3.434958,False,True,67,0.635874,5.801853,"tier=1;bucket=1;kw=1;verified(1h=0,1d=1)"
NG_US,2026-03-03T15:30:00Z,"Hormuz , le rotte del gas : il Qatar e il congelamento dei rifornimenti , ecco gli effetti collaterali",https://www.ilmattino.it/economia/news/hormuz_nuove_rotte_gas-9392094.html,ilmattino.it,gdelt,transport_disruption,,confirmed,cause,True,0.6,0.657826,0.508269,2.184626,4.106995,True,True,3360,1.102675,5.760352,"tier=1;bucket=1;kw=1;verified(1h=1,1d=1)"
NG_US,2026-03-04T04:00:00Z,Restive Hormuz puts Bangladesh LNG lifeline in peril - Asia News NetworkAsia News Network,https://asianews.network/restive-hormuz-puts-bangladeshs-lng-lifeline-in-peril/,asianews.network,gdelt,transport_disruption,,confirmed,cause,True,0.6,1.0,0.768792,0.0,3.002941,False,True,2961,0.625074,5.730763,"tier=1;bucket=1;kw=1;verified(1h=0,1d=1)"
NG_US,2026-03-03T14:30:00Z,India seeks alternative oil and LNG sources as Strait of Hormuz disruption deepens,https://www.thehindubusinessline.com/markets/commodities/strait-of-hormuz-crisis-prompts-india-to-seek-new-crude-gas-suppliers/article70699440.ece,thehindubusinessline.com,gdelt,transport_disruption,,confirmed,cause,True,0.6,0.603171,0.518532,4.389507,4.389507,True,True,3306,1.109738,5.716547,"tier=1;bucket=1;kw=1;verified(1h=1,1d=1)"
NG_US,2026-03-03T10:19:09Z,"India, Europe feel fuel crunch as Gulf gas supplies disrupted amid war",https://www.aljazeera.com/news/2026/3/3/india-europe-feel-fuel-crunch-as-gulf-gas-supplies-disrupted-amid-war,Al Jazeera English,newsapi,,,unknown,unknown,False,0.0,1.0,0.757622,2.358882,4.389507,True,True,2806,1.109738,5.661179,"tier=1;bucket=1;kw=1;verified(1h=1,1d=1)"
GOLD,2026-02-28T08:19:11Z,Iran-Israel conflict: Expect a gap-up opening in gold and silver. Here's how to trade bullion on Monday,https://economictimes.indiatimes.com/markets/commodities/news/iran-israel-conflict-expect-a-gap-up-opening-in-gold-and-silver-heres-how-to-trade-bullion-on-monday/articleshow/128879215.cms,The Times of India,newsapi,risk_off_geopolitics,,confirmed,cause,True,0.75,1.0,0.999082,0.0,7.202023,False,True,94,0.730051,7.353727,"tier=1;bucket=1;kw=1;verified(1h=0,1d=1)"
GOLD,2026-03-01T10:43:33Z,"Gold, silver prices likely to soar tomorrow amid escalating Middle East war; what lies ahead?",https://economictimes.indiatimes.com/markets/commodities/news/gold-silver-prices-likely-to-soar-tomorrow-amid-escalating-middle-east-war-what-lies-ahead/articleshow/128913167.cms,The Times of India,newsapi,risk_off_geopolitics,,confirmed,cause,True,0.75,1.0,0.985539,0.0,9.056037,False,True,83,0.75,7.283239,"tier=1;bucket=1;kw=1;verified(1h=0,1d=1)"
GOLD,2026-03-03T10:50:09Z,"Why is gold price down by 1.4% and silver by 6.5% today, and will precious metals witness rise or continue to drop? Gold, silver, platinum and palladium fall, analysts insights and market outlook explained. Here's what should investors do now",https://economictimes.indiatimes.com/news/international/us/why-is-gold-price-down-by-1-4-and-silver-by-6-5-today-and-will-precious-metals-witness-rise-or-continue-to-drop-gold-silver-platinum-and-palladium-fall-analysts-insights-and-market-outlook-explained-heres-what-should-investors-do-now/articleshow/128966066.cms,The Times of India,newsapi,transport_disruption,,confirmed,cause,True,0.6,1.0,0.950008,0.0,6.753163,False,True,4615,0.718829,7.260968,"tier=1;bucket=1;kw=1;verified(1h=0,1d=1)"
GOLD,2026-03-02T09:46:13Z,"Why are gold and silver prices rising now, and will gold surge to $6,000 and silver to $200? Gold and silver climb, analysts insights and market outlook explained. Here's what should investors do now",https://economictimes.indiatimes.com/news/international/us/why-are-gold-and-silver-prices-rising-now-and-will-gold-surge-to-6000-and-silver-to-200-gold-and-silver-climb-analysts-insights-and-market-outlook-explained-heres-what-should-investors-do-now/articleshow/128942931.cms,The Times of India,newsapi,risk_off_geopolitics,,confirmed,mixed,True,0.56,1.0,0.940436,0.0,5.766905,False,True,117,0.694173,6.902085,"tier=1;bucket=1;kw=1;verified(1h=0,1d=1)"
GOLD,2026-03-03T17:30:00Z,"Dollar Jumps , Gold and Silver Crash as Iran War Hits Stocks , Bonds , Base",https://www.bullionvault.com/gold-news/gold-price-news/gold-silver-war-oil-dollar-030320261,bullionvault.com,gdelt,risk_off_geopolitics,,confirmed,cause,True,0.61,1.0,0.963678,3.243754,4.037538,True,True,5304,1.100938,6.809206,"tier=1;bucket=1;kw=1;verified(1h=1,1d=1)"
GOLD,2026-03-02T10:38:27Z,Gold and silver prices see sharp rise amid Iran-Israel War: Should you book profit or stay invested?,https://economictimes.indiatimes.com/wealth/invest/gold-and-silver-prices-see-sharp-jump-amid-iran-israel-war-should-you-book-profit-or-stay-invested/articleshow/128944439.cms,The Times of India,newsapi,risk_off_geopolitics,,confirmed,cause,True,0.61,1.0,0.941384,0.0,5.766905,False,True,95,0.694173,6.8047,"tier=1;bucket=1;kw=1;verified(1h=0,1d=1)"
GOLD,2026-03-05T08:45:00Z,Is gold no longer a safe haven during market crash ? Here why yellow metal is down 5 % since March 2,https://www.businesstoday.in/markets/stocks/story/is-gold-no-longer-a-safe-haven-market-crash-yellow-metal-is-falling-since-march-2-519196-2026-03-05,businesstoday.in,gdelt,risk_off_geopolitics,,confirmed,cause,True,0.61,1.0,0.777166,3.381627,4.059785,True,True,1129,1.101495,6.79242,"tier=1;bucket=1;kw=1;verified(1h=1,1d=1)"
GOLD,2026-02-28T05:08:31Z,"Gold nears one-month high, set for seventh straight monthly rise",https://economictimes.indiatimes.com/markets/commodities/gold-nears-one-month-high-set-for-seventh-straight-monthly-rise/articleshow/128874721.cms,The Times of India,newsapi,risk_off_geopolitics,,confirmed,cause,True,0.61,1.0,0.882634,0.0,7.202023,False,True,103,0.730051,6.776612,"tier=1;bucket=1;kw=1;verified(1h=0,1d=1)"
GOLD,2026-02-23T11:05:53Z,"Why are gold and silver prices rising again and will precious metals continue dream run or fall back sharply? Gold and silver rise, analysts insights and market outlook explained. Here's what should investors do now",https://economictimes.indiatimes.com/news/international/us/why-are-gold-and-silver-prices-rising-again-and-will-precious-metals-continue-dream-run-or-fall-back-sharply-gold-and-silver-rise-analysts-insights-and-market-outlook-explained-heres-what-should-investors-do-now/articleshow/128710311.cms,The Times of India,newsapi,usd_weakness,,confirmed,cause,True,0.6,1.0,0.919272,0.0,3.182695,False,True,99,0.629567,6.739293,"tier=1;bucket=1;kw=1;verified(1h=0,1d=1)"
GOLD,2026-03-02T09:49:56Z,"Gold price to double at $10,000 in next 5 years? Jefferies’ Chris Wood makes bold prediction!",https://economictimes.indiatimes.com/markets/commodities/news/gold-price-to-double-at-10000-in-next-5-years-jefferies-chris-wood-makes-bold-prediction/articleshow/128943442.cms,The Times of India,newsapi,risk_off_geopolitics,,confirmed,cause,True,0.61,1.0,0.754511,0.0,5.766905,False,True,113,0.694173,6.617827,"tier=1;bucket=1;kw=1;verified(1h=0,1d=1)"
GOLD,2026-03-03T18:15:00Z,"Toronto Stocks Sharply Lower as Middle East War Widens ; Oil Rises , Gold Tumbles",https://www.marketscreener.com/news/toronto-stocks-sharply-lower-as-middle-east-war-widens-oil-rises-gold-tumbles-ce7e5cd2dc8ef222,marketscreener.com,gdelt,risk_off_geopolitics,,confirmed,mixed,True,0.56,1.0,0.922727,2.063197,4.037538,True,True,5288,1.100938,6.533255,"tier=1;bucket=1;kw=1;verified(1h=1,1d=1)"
GOLD,2026-03-02T10:00:06Z,Precious metals miners well bid as Iran strikes stock safe haven gold demand,https://consent.yahoo.com/v2/collectConsent?sessionId=1_cc-session_c292795c-ed26-4cb9-94e9-6d81cfdb23ac,Yahoo Entertainment,newsapi,risk_off_geopolitics,,confirmed,cause,True,0.61,1.0,0.989104,0.0,5.766905,False,True,109,0.694173,6.519087,"tier=1;bucket=1;kw=1;verified(1h=0,1d=1)"
GOLD,2026-03-05T09:45:00Z,Gold rises on Iran war safe - haven bid ; firm dollar limits upside,https://www.marketscreener.com/news/gold-rises-on-iran-war-safe-haven-bid-firm-dollar-limits-upside-ce7e5fdad088f620,marketscreener.com,gdelt,risk_off_geopolitics,,confirmed,mixed,True,0.56,1.0,0.855003,1.616881,4.059785,True,True,932,1.101495,6.46859,"tier=1;bucket=1;kw=1;verified(1h=1,1d=1)"
GOLD,2026-03-03T10:56:31Z,"Gold pares early gains as traders weigh Iran war, Fed rate outlook",https://timesofindia.indiatimes.com/business/international-business/gold-pares-early-gains-as-traders-weigh-iran-war-fed-rate-outlook/articleshow/128967365.cms,The Times of India,newsapi,risk_off_geopolitics,,confirmed,cause,True,0.61,1.0,0.779624,0.0,6.753163,False,True,4613,0.718829,6.445217,"tier=1;bucket=1;kw=1;verified(1h=0,1d=1)"
GOLD,2026-02-21T11:22:55Z,Alysa Liu vs Eileen Gu — How two Chinese American stars wound up on opposite sides of an Olympic proxy war,https://www.foxnews.com/sports/alysa-liu-vs-eileen-gu-who-chinese-american-stars-who-took-diverging-paths-winter-olympics,Fox News,newsapi,weather_supply_shock,importer:china->physical_gold_demand->GOLD,confirmed,cause,True,1.0,0.648586,0.535892,0.0,8.84677,False,True,94,0.75,6.445155,"tier=1;bucket=1;kw=1;verified(1h=0,1d=1)"
GOLD,2026-03-03T07:28:11Z,"Gold climbs to $5,380 as investors boost demand for “safe havens”",https://en.protothema.gr/2026/03/03/gold-climbs-to-5380-as-investors-boost-demand-for-safe-havens/,Protothema.gr,newsapi,risk_off_geopolitics,,confirmed,mixed,True,0.56,1.0,0.800353,0.0,6.753163,False,True,3944,0.718829,6.397613,"tier=1;bucket=1;kw=1;verified(1h=0,1d=1)"
GOLD,2026-03-03T20:15:00Z,"Gold retreats on strong dollar , delayed rate cuts amid Iran conflict",https://www.marketscreener.com/news/gold-retreats-on-strong-dollar-delayed-rate-cuts-amid-iran-conflict-ce7e5cd2df80f322,marketscreener.com,gdelt,central_bank_dovish_shift,,confirmed,mixed,True,0.844,1.0,0.965997,0.0,4.037538,False,True,5240,0.650938,6.362745,"tier=1;bucket=1;kw=1;verified(1h=0,1d=1)"
GOLD,2026-02-26T09:05:16Z,"Gold, silver soared in 2025, stocks were major drags. What could 2026 have in store for investors?",https://economictimes.indiatimes.com/markets/stocks/news/gold-silver-soared-in-2025-stocks-were-major-drags-what-could-2026-have-in-store-for-investors/articleshow/128808368.cms,The Times of India,newsapi,central_bank_dovish_shift,,confirmed,cause,True,0.894,0.562905,0.472483,1.512972,3.431467,True,True,89,1.085787,6.331168,"tier=1;bucket=1;kw=1;verified(1h=1,1d=1)"
GOLD,2026-03-02T08:31:21Z,Oil prices shoot up following US-Israeli attack on Iran,https://www.thejournal.ie/oil-prices-rise-us-israel-iran-6971505-Mar2026/,TheJournal.ie,newsapi,risk_off_geopolitics,,confirmed,cause,True,0.61,1.0,0.93583,0.0,5.766905,False,True,122,0.694173,6.299146,"tier=1;bucket=1;kw=1;verified(1h=0,1d=1)"
GOLD,2026-03-02T10:51:31Z,Gold Climbs as Middle East War Drives Demand for Safer Assets,https://financialpost.com/pmn/business-pmn/gold-climbs-as-middle-east-war-drives-demand-for-safer-assets,Financial Post,newsapi,risk_off_geopolitics,,confirmed,mixed,True,0.56,1.0,0.813221,0.0,5.766905,False,True,93,0.694173,6.27487,"tier=1;bucket=1;kw=1;verified(1h=0,1d=1)"
SILVER,2025-12-04T08:45:00Z,Gold Silver Prices Fall on MCX Amid Profit Booking Dollar Strength,https://www.newkerala.com/news/o/gold-silver-prices-ease-mcx-amid-profit-booking-553,newkerala.com,gdelt,,,unknown,unknown,False,0.0,0.1,0.35,4.907358,4.907358,True,True,30,1.122684,2.961428,"tier=1;bucket=1;kw=1;verified(1h=1,1d=1)"
SILVER,2025-12-04T08:15:00Z,"Gold futures fall , silver gains as weak US data spurs caution",https://www.thehindubusinessline.com/markets/gold/gold-futures-fall-silver-gains-as-weak-us-data-spurs-caution/article70356431.ece,thehindubusinessline.com,gdelt,,,unknown,unknown,False,0.0,0.1,0.35,4.907358,4.907358,True,True,30,1.122684,2.961428,"tier=1;bucket=1;kw=1;verified(1h=1,1d=1)"
SILVER,2025-12-04T12:45:00Z,Guanajuato Silver Company Ltd .: Guanajuato Silver Provides Corporate Update,https://www.finanznachrichten.de/nachrichten-2025-12/67147808-guanajuato-silver-company-ltd-guanajuato-silver-provides-corporate-update-200.htm,finanznachrichten.de,gdelt,,,unknown,unknown,False,0.0,0.1,0.35,0.0,6.992325,False,True,26,0.724808,2.694778,"tier=1;bucket=1;kw=1;verified(1h=0,1d=1)"
SILVER,2025-12-05T07:30:00Z,Why Silver ( XAGUSD ) Remains a Strategic Asset for Investors in Uncertain Markets,https://peoplesdailyng.com/why-silver-xagusd-remains-a-strategic-asset-for-investors-in-uncertain-markets/,peoplesdailyng.com,gdelt,,,unknown,unknown,False,0.0,0.1,0.35,0.0,6.992325,False,True,5,0.724808,2.528111,"tier=1;bucket=1;kw=1;verified(1h=0,1d=1)"
SILVER,2025-12-05T04:45:00Z,"Gold Silver Price Today in India Mumbai ; चांदीच्या दराला मोठा ब्रेकडाऊन ! सोन्याचेही भाव नरमले , सराफा बाजार उघडताच मोठा फुलटफेर",https://maharashtratimes.com/business/business-news/gold-silver-price-in-india-today-5-december-yellow-metal-flat-silver-rates-slip-on-mcx-rbi-policy-in-focus/articleshow/125779796.cms,maharashtratimes.com,gdelt,,,unknown,unknown,False,0.0,0.1,0.35,0.0,6.992325,False,True,7,0.724808,2.528111,"tier=1;bucket=1;kw=1;verified(1h=0,1d=1)"
SILVER,2025-12-05T03:15:00Z,"Silver price today : Rates drop 3 . 46 % at $56 . 90 amid tight supply ; Check 24K , 22K , 18K prices in your city",https://www.moneycontrol.com/news/business/personal-finance/silver-price-today-rates-drop-3-46-at-56-90-amid-tight-supply-check-24k-22k-18k-prices-in-your-city-13711266.html,moneycontrol.com,gdelt,,,unknown,unknown,False,0.0,0.1,0.35,0.0,6.992325,False,True,9,0.724808,2.528111,"tier=1;bucket=1;kw=1;verified(1h=0,1d=1)"
SILVER,2025-12-04T13:30:00Z,"Gold , silver prices ease on MCX amid profit booking",https://www.ibtimes.co.in/gold-silver-prices-ease-mcx-amid-profit-booking-893566,ibtimes.co.in,gdelt,,,unknown,unknown,False,0.0,0.1,0.35,0.0,6.992325,False,True,25,0.724808,2.528111,"tier=1;bucket=1;kw=1;verified(1h=0,1d=1)"
SILVER,2025-12-05T12:15:00Z,What Drives Silver Prices ? Key Factors Behind XAGUSD Market Movements,https://nairobiwire.com/2025/12/what-drives-silver-prices-key-factors-behind-xagusd-market-movements.html,nairobiwire.com,gdelt,,,unknown,unknown,False,0.0,0.1,0.35,0.0,5.785664,False,True,0,0.694642,2.362195,"tier=1;bucket=1;kw=1;verified(1h=0,1d=1)"
SILVER,2025-12-04T07:45:00Z,Artemis and West Coast Silver Sign Understanding | Company Announcement,https://www.investegate.co.uk/announcement/rns/artemis-resources-limited-npv-di---arv/artemis-and-west-coast-silver-sign-understanding/9274787,investegate.co.uk,gdelt,,,unknown,unknown,False,0.0,0.1,0.35,0.0,4.907358,False,True,30,0.672684,2.241428,"tier=1;bucket=1;kw=1;verified(1h=0,1d=1)"
SILVER,2025-12-04T07:30:00Z,"Gold , silver prices ease on MCX amid profit booking",https://www.prokerala.com/news/articles/a1703927.html,prokerala.com,gdelt,,,unknown,unknown,False,0.0,0.1,0.35,0.0,4.907358,False,True,35,0.672684,2.241428,"tier=1;bucket=1;kw=1;verified(1h=0,1d=1)"
SILVER,2025-12-04T06:45:00Z,Explained : The Massive Short Squeeze Underway in Silver and Margin Calls from Brokers,https://finance.yahoo.com/news/explained-massive-short-squeeze-underway-194017104.html,finance.yahoo.com,gdelt,,,unknown,unknown,False,0.0,0.1,0.35,0.0,4.907358,False,True,37,0.672684,2.241428,"tier=1;bucket=1;kw=1;verified(1h=0,1d=1)"
SILVER,2025-12-03T20:15:00Z,Silver at a Critical Crossroads : McGlone $75 or $40 Forecast Looms Amidst Extreme Volatility,https://markets.financialcontent.com/stocks/article/marketminute-2025-12-3-silver-at-a-critical-crossroads-mcglones-75-or-40-forecast-looms-amidst-extreme-volatility,markets.financialcontent.com,gdelt,,,unknown,unknown,False,0.0,0.1,0.35,0.0,4.907358,False,True,28,0.672684,2.241428,"tier=1;bucket=1;kw=1;verified(1h=0,1d=1)"
SILVER,2025-12-03T17:15:00Z,"After silver explosive surge , how far can prices go and what should investors expect now",https://www.businesstoday.in/personal-finance/investment/story/after-silvers-explosive-surge-how-far-can-prices-go-and-what-should-investors-expect-now-504894-2025-12-03,businesstoday.in,gdelt,,,unknown,unknown,False,0.0,0.1,0.35,0.0,4.907358,False,True,29,0.672684,2.241428,"tier=1;bucket=1;kw=1;verified(1h=0,1d=1)"
SILVER,2025-12-03T14:30:00Z,Prismo Metals Announces Assay & IP Results at Silver King,https://www.juniorminingnetwork.com/junior-miner-news/press-releases/2893-cse/priz/192574-prismo-metals-announces-assay-ip-results-at-silver-king.html,juniorminingnetwork.com,gdelt,,,unknown,unknown,False,0.0,0.1,0.35,0.0,4.907358,False,True,30,0.672684,2.241428,"tier=1;bucket=1;kw=1;verified(1h=0,1d=1)"
SILVER,2025-12-03T12:30:00Z,First Majestic Silver Corp .: First Majestic Launches Offering of Convertible Senior Notes,https://www.finanznachrichten.de/nachrichten-2025-12/67136032-first-majestic-silver-corp-first-majestic-launches-offering-of-convertible-senior-notes-296.htm,finanznachrichten.de,gdelt,,,unknown,unknown,False,0.0,0.1,0.35,0.0,4.907358,False,True,33,0.672684,2.241428,"tier=1;bucket=1;kw=1;verified(1h=0,1d=1)"
SILVER,2025-12-03T12:30:00Z,Silver futures hit record of Rs 1 . 84 lakh / kg as rupee slumps to new low,https://www.dailyexcelsior.com/silver-futures-hit-record-of-rs-1-84-lakh-kg-as-rupee-slumps-to-new-low/,dailyexcelsior.com,gdelt,,,unknown,unknown,False,0.0,0.1,0.35,0.0,4.907358,False,True,33,0.672684,2.241428,"tier=1;bucket=1;kw=1;verified(1h=0,1d=1)"
SILVER,2025-12-03T11:15:00Z,"Silver Hits Record Rs 1 . 84 Lakh , Gold Crosses Rs 1 . 30 Lakh Amid Weak Rupee",https://www.deccanchronicle.com/nation/silver-hits-record-rs-184-lakh-gold-crosses-rs-130-lakh-amid-weak-rupee-1921338,deccanchronicle.com,gdelt,,,unknown,unknown,False,0.0,0.1,0.35,0.0,4.907358,False,True,36,0.672684,2.241428,"tier=1;bucket=1;kw=1;verified(1h=0,1d=1)"
SILVER,2025-12-03T10:45:00Z,Silver price today : పసిడితో వెండి పోటీ .. రికార్డు గరిష్ఠాలకు సిల్వర్‌,https://www.eenadu.net/telugu-news/business/silver-jumps-to-all-time-high-amid-rupee-slide/0101/125222957,eenadu.net,gdelt,,,unknown,unknown,False,0.0,0.1,0.35,0.0,4.907358,False,True,37,0.672684,2.241428,"tier=1;bucket=1;kw=1;verified(1h=0,1d=1)"
SILVER,2025-12-04T11:30:00Z,FTSE 100 LIVE : London underperforms against peers as latest US data confirms Fed rate cut expectations,https://uk.finance.yahoo.com/news/ftse-100-live-london-us-data-federal-reserve-interest-rate-cut-wpp-british-land-091310248.html,uk.finance.yahoo.com,gdelt,central_bank_dovish_shift,,confirmed,cause,True,0.754,0.1,0.35,2.594543,6.992325,True,True,27,1.174808,5.117365,"tier=2;bucket=2;kw=0;verified(1h=1,1d=1)"
SILVER,2025-12-05T08:30:00Z,白银价格年内涨幅超黄金 ！ 有基金收益超90 %， 还能追吗 ？- 华龙网,https://www.cqnews.net/1/detail/1446489208827375616/web/content_1446489208827375616.html,cqnews.net,gdelt,,,unknown,unknown,False,0.0,0.1,0.35,6.992325,6.992325,True,True,3,1.174808,3.081445,"tier=3;bucket=3;kw=0;verified(1h=1,1d=1)"
PLATINUM,2026-02-04T15:30:00Z,"New Age Metals Initiates 2026 Platinum Group Metal Exploration At River Valley , Ontario",https://www.juniorminingnetwork.com/junior-miner-news/press-releases/2071-tsx-venture/nam/196548-new-age-metals-initiates-2026-platinum-group-metal-exploration-at-river-valley-ontario.html,juniorminingnetwork.com,gdelt,,,unknown,unknown,False,0.0,0.1,0.35,1.609824,8.655392,True,True,0,1.2,3.386667,"tier=1;bucket=1;kw=1;verified(1h=1,1d=1)"
PLATINUM,2026-02-04T14:30:00Z,"Price of platinum : Wednesday , February 4 , 2026",https://fortune.com/article/current-price-of-platinum-2-4-2026/,fortune.com,gdelt,,,unknown,unknown,False,0.0,0.1,0.35,1.579696,8.655392,True,True,2,1.2,3.386667,"tier=1;bucket=1;kw=1;verified(1h=1,1d=1)"
PLATINUM,2026-02-24T08:15:00Z,South Africa : Godongwana Has Some Fiscal Wind in His Sails for the Budget,https://allafrica.com/stories/202602240144.html,allafrica.com,gdelt,,,unknown,unknown,False,0.0,0.1,0.35,3.621863,4.312108,True,True,4,1.107803,2.879582,"tier=1;bucket=1;kw=1;verified(1h=1,1d=1)"
PLATINUM,2026-02-03T08:15:00Z,Happy days return for South Africa platinum industry,https://www.miningmx.com/top-story/63885-happy-days-return-for-south-africas-platinum-industry/,miningmx.com,gdelt,,,unknown,unknown,False,0.0,0.1,0.35,2.59778,2.959362,True,True,12,1.073984,2.860246,"tier=1;bucket=1;kw=1;verified(1h=1,1d=1)"
PLATINUM,2026-01-30T12:00:00Z,Sylvania Platinum ( LON : SLP ) Stock Price Down 5 . 3 % – Time to Sell ?,https://www.themarketsdaily.com/2026/01/30/sylvania-platinum-lonslp-stock-price-down-5-3-time-to-sell.html,themarketsdaily.com,gdelt,,,unknown,unknown,False,0.0,0.1,0.35,2.929972,3.684625,True,True,7,1.092116,2.793303,"tier=1;bucket=1;kw=1;verified(1h=1,1d=1)"
PLATINUM,2026-03-02T13:15:00Z,The stunning rebound of South Africa PGM producers,https://www.miningmx.com/top-story/64444-the-stunning-rebound-of-south-africas-pgm-producers/,miningmx.com,gdelt,,,unknown,unknown,False,0.0,0.1,0.35,0.0,7.506383,False,True,5,0.73766,2.765461,"tier=1;bucket=1;kw=1;verified(1h=0,1d=1)"
PLATINUM,2026-02-03T08:15:00Z,Impala Platinum expects five - fold profit surge on higher metal prices,https://www.marketscreener.com/news/impala-platinum-expects-five-fold-profit-surge-on-higher-metal-prices-ce7e5bd2de8bfe24,marketscreener.com,gdelt,,,unknown,unknown,False,0.0,0.1,0.35,2.59778,2.959362,True,True,12,1.073984,2.693579,"tier=1;bucket=1;kw=1;verified(1h=1,1d=1)"
PLATINUM,2026-03-05T09:45:00Z,Impala Platinum boosts dividend after five - fold profit increase,https://www.cnbcafrica.com/2026/impala-platinum-boosts-dividend-after-five-fold-profit-increase,cnbcafrica.com,gdelt,,,unknown,unknown,False,0.0,0.1,0.35,1.895666,2.805642,True,True,5,1.070141,2.672442,"tier=1;bucket=1;kw=1;verified(1h=1,1d=1)"
PLATINUM,2026-02-27T06:15:00Z,Northam Platinum profit surges on higher metal prices ; dividend up,https://www.marketscreener.com/news/northam-platinum-s-profit-surges-on-higher-metal-prices-dividend-up-ce7e5cdedb8cf620,marketscreener.com,gdelt,,,unknown,unknown,False,0.0,0.1,0.35,0.0,8.996489,False,True,4,0.75,2.666667,"tier=1;bucket=1;kw=1;verified(1h=0,1d=1)"
PLATINUM,2026-02-27T06:00:00Z,Northam Platinum half - year profit soars on higher metal prices,https://www.marketscreener.com/news/northam-platinum-half-year-profit-soars-on-higher-metal-prices-ce7e5cdedb8bf024,marketscreener.com,gdelt,,,unknown,unknown,False,0.0,0.1,0.35,0.0,8.996489,False,True,5,0.75,2.666667,"tier=1;bucket=1;kw=1;verified(1h=0,1d=1)"
PLATINUM,2026-02-27T02:45:00Z,Eastern Platinum ( TSE : ELR ) Shares Up 20 . 8 % – What Next ?,https://www.tickerreport.com/banking-finance/13360035/eastern-platinum-tseelr-shares-up-20-8-whats-next.html,tickerreport.com,gdelt,,,unknown,unknown,False,0.0,0.1,0.35,0.0,8.996489,False,True,7,0.75,2.666667,"tier=1;bucket=1;kw=1;verified(1h=0,1d=1)"
PLATINUM,2026-02-27T01:30:00Z,Zimbabwe owes Valterra Platinum $100 million in unpaid export proceeds,https://www.newzimbabwe.com/zimbabwe-owes-valterra-platinum-100-million-in-unpaid-export-proceeds/,newzimbabwe.com,gdelt,,,unknown,unknown,False,0.0,0.1,0.35,0.0,8.996489,False,True,13,0.75,2.666667,"tier=1;bucket=1;kw=1;verified(1h=0,1d=1)"
PLATINUM,2026-03-04T15:30:00Z,FinancialContent - Platinum Plummets 9 . 5 % as Iranian Conflict Ignites Global Commodity Rout,https://markets.financialcontent.com/stocks/article/marketminute-2026-3-4-platinum-plummets-95-as-iranian-conflict-ignites-global-commodity-rout,markets.financialcontent.com,gdelt,,,unknown,unknown,False,0.0,0.1,0.35,1.967436,2.651389,True,True,12,1.066285,2.651233,"tier=1;bucket=1;kw=1;verified(1h=1,1d=1)"
PLATINUM,2026-01-29T06:00:00Z,Platinum surge expected to continue,https://www.financialmail.businessday.co.za/investing/2026-01-29-platinum-surge-expected-to-continue/,financialmail.businessday.co.za,gdelt,,,unknown,unknown,False,0.0,0.1,0.35,0.0,5.455193,False,True,8,0.68638,2.316756,"tier=1;bucket=1;kw=1;verified(1h=0,1d=1)"
PLATINUM,2026-01-28T05:30:00Z,"South Africa leads eastern Europe , Middle East and Africa in institutional assets",https://www.businessday.co.za/companies/2026-01-28-south-africa-leads-eastern-europe-middle-east-and-africa-in-institutional-assets/,businessday.co.za,gdelt,,,unknown,unknown,False,0.0,0.1,0.35,0.0,4.863986,False,True,10,0.6716,2.235465,"tier=1;bucket=1;kw=1;verified(1h=0,1d=1)"
PLATINUM,2026-03-04T07:45:00Z,The stunning rebound of South Africa PGM producers,https://www.miningmx.com/news/platinum/64444-the-stunning-rebound-of-south-africas-pgm-producers/,miningmx.com,gdelt,,,unknown,unknown,False,0.0,0.1,0.35,0.0,3.481989,False,True,8,0.63705,2.212107,"tier=1;bucket=1;kw=1;verified(1h=0,1d=1)"
PLATINUM,2026-02-27T13:30:00Z,Zimbabwe Owes Valterra Platinum $100 Million in Unpaid Export Proceeds,https://allafrica.com/stories/202602270316.html,allafrica.com,gdelt,,,unknown,unknown,False,0.0,0.1,0.35,0.0,4.446915,False,True,1,0.661173,2.178117,"tier=1;bucket=1;kw=1;verified(1h=0,1d=1)"
PLATINUM,2026-02-27T08:00:00Z,Shareholder update and Dealing in securities | Company Announcement,https://www.investegate.co.uk/announcement/rns/jubilee-metals-group--jlp/shareholder-update-and-dealing-in-securities/9449934,investegate.co.uk,gdelt,,,unknown,unknown,False,0.0,0.1,0.35,8.996489,8.996489,True,True,2,1.2,3.22,"tier=3;bucket=3;kw=0;verified(1h=1,1d=1)"
PLATINUM,2026-02-27T08:00:00Z,Updated interim dividends payment date | Company Announcement,https://www.investegate.co.uk/announcement/rns/sylvania-platinum-ltd-di---slp/updated-interim-dividends-payment-date/9449921,investegate.co.uk,gdelt,,,unknown,unknown,False,0.0,0.1,0.35,8.996489,8.996489,True,True,2,1.2,3.22,"tier=3;bucket=3;kw=0;verified(1h=1,1d=1)"
PLATINUM,2026-02-26T20:45:00Z,止战之殇与核下博弈 ： 美伊谈判背后的 虚假黎明 _ 汇市观察 _ 外汇 _ 中金在线,http://forex.cnfol.com/jingjiyaowen/20260226/32030315.shtml,forex.cnfol.com,gdelt,,,unknown,unknown,False,0.0,0.1,0.35,2.00186,8.996489,True,True,17,1.2,3.22,"tier=3;bucket=3;kw=0;verified(1h=1,1d=1)"
PALLADIUM,2026-03-02T18:45:00Z,Daines tours Stillwater Mine as tariff on Russian palladium boosts outlook,https://www.kxlf.com/news/montana-news/daines-tours-stillwater-mine-as-tariff-on-russian-palladium-boosts-outlook-on-industry,kxlf.com,gdelt,,,unknown,unknown,False,0.0,0.1,0.35,2.958527,9.277769,True,True,4,1.2,3.72,"tier=1;bucket=1;kw=1;verified(1h=1,1d=1)"
PALLADIUM,2026-03-02T16:00:00Z,Daines tours Stillwater Mine as tariff on Russian palladium boosts outlook,https://www.kbzk.com/news/montana-news/daines-tours-stillwater-mine-as-tariff-on-russian-palladium-boosts-outlook-on-industry,kbzk.com,gdelt,,,unknown,unknown,False,0.0,0.1,0.35,3.265078,9.277769,True,True,3,1.2,3.72,"tier=1;bucket=1;kw=1;verified(1h=1,1d=1)"
PALLADIUM,2025-12-25T14:15:00Z,"China Guangzhou Futures Exchange to adjust platinum , palladium trading limits",https://www.marketscreener.com/news/china-s-guangzhou-futures-exchange-to-adjust-platinum-palladium-trading-limits-ce7e59dadf81f325,marketscreener.com,gdelt,,,unknown,unknown,False,0.0,0.1,0.35,1.345513,9.233912,True,True,11,1.2,3.386667,"tier=1;bucket=1;kw=1;verified(1h=1,1d=1)"
PALLADIUM,2026-02-16T17:00:00Z,US to slap duties on palladium imports from Russia,https://www.miningmx.com/news/platinum/64141-us-to-slap-duties-on-palladium-imports-from-russia/,miningmx.com,gdelt,,,unknown,unknown,False,0.0,0.1,0.35,1.625403,7.627766,True,True,4,1.190694,3.335484,"tier=1;bucket=1;kw=1;verified(1h=1,1d=1)"
PALLADIUM,2026-02-23T09:15:00Z,"Sibanye - Stillwater writes down Mimosa by US$28 , 74m as costs , tax bite - Newsday Zimbabwe",https://www.newsday.co.zw/business/article/200051926/sibanye-stillwater-writes-down-mimosa-by-us2874m-as-costs-tax-bite,newsday.co.zw,gdelt,,,unknown,unknown,False,0.0,0.1,0.35,4.713963,7.588978,True,True,4,1.189724,3.330151,"tier=1;bucket=1;kw=1;verified(1h=1,1d=1)"
PALLADIUM,2026-02-21T02:15:00Z,U . S . introduces tariff on palladium from Russia,https://www.ypradio.org/government-politics/2026-02-20/u-s-introduces-tariff-on-palladium-from-russia,ypradio.org,gdelt,,,unknown,unknown,False,0.0,0.1,0.35,0.0,9.263663,False,True,2,0.75,2.833333,"tier=1;bucket=1;kw=1;verified(1h=0,1d=1)"
PALLADIUM,2026-02-23T07:00:00Z,"Stillwater mine officials welcome tariff ruling , caution against quick expectations",https://www.fairfieldsuntimes.com/news/state/stillwater-mine-officials-welcome-tariff-ruling-caution-against-quick-expectations/article_dfc3019a-9832-5f46-98e3-ad316bb6d9be.html,fairfieldsuntimes.com,gdelt,,,unknown,unknown,False,0.0,0.1,0.35,0.0,7.588978,False,True,3,0.739724,2.776818,"tier=1;bucket=1;kw=1;verified(1h=0,1d=1)"
PALLADIUM,2025-12-29T19:15:00Z,Palladium Price Forecast Today : Why $1677 May Have Marked the Daily Low,https://investinglive.com:443/commodities/palladium-price-forecast-today-why-1677-may-have-marked-the-daily-low-20251229/,investinglive.com,gdelt,,,unknown,unknown,False,0.0,0.1,0.35,1.356055,3.306151,True,True,14,1.082654,2.741262,"tier=1;bucket=1;kw=1;verified(1h=1,1d=1)"
PALLADIUM,2026-03-02T04:45:00Z,Burgum and Zinke in Butte Talking Russian Palladium Tariffs,https://kmmsam.com/ixp/990/p/zinke-burgum-in-butte/,kmmsam.com,gdelt,,,unknown,unknown,False,0.0,0.1,0.35,0.0,9.277769,False,True,6,0.75,2.666667,"tier=1;bucket=1;kw=1;verified(1h=0,1d=1)"
PALLADIUM,2026-02-27T01:30:00Z,Coffee tariff jitters,https://montanafreepress.org/2026/02/26/coffee-tariff-jitters/,montanafreepress.org,gdelt,,,unknown,unknown,False,0.0,0.1,0.35,0.0,8.948855,False,True,10,0.75,2.666667,"tier=1;bucket=1;kw=1;verified(1h=0,1d=1)"
PALLADIUM,2026-01-31T02:30:00Z,Will Palladium Prices Continue to Rise in 2026 ?,https://finance.yahoo.com/news/palladium-prices-continue-rise-2026-200002305.html,finance.yahoo.com,gdelt,,,unknown,unknown,False,0.0,0.1,0.35,0.0,5.668774,False,True,4,0.691719,2.346123,"tier=1;bucket=1;kw=1;verified(1h=0,1d=1)"
PALLADIUM,2025-12-30T03:30:00Z,"Gold , silver and palladium prices pull back sharply , worrying some economists",https://www.abc.net.au/news/2025-12-30/precious-metals-gold-silver-palladium-crash/106187288,abc.net.au,gdelt,,,unknown,unknown,False,0.0,0.1,0.35,0.0,3.306151,False,True,2,0.632654,2.021262,"tier=1;bucket=1;kw=1;verified(1h=0,1d=1)"
PALLADIUM,2025-12-03T09:00:00Z,Sibanye Stillwater : 2025 A Turning Point,https://finance.yahoo.com/news/sibanye-stillwater-2025-turning-point-082745479.html,finance.yahoo.com,gdelt,,,unknown,unknown,False,0.0,0.1,0.35,0.0,2.601105,False,True,9,0.615028,1.924319,"tier=1;bucket=1;kw=1;verified(1h=0,1d=1)"
PALLADIUM,2026-03-02T13:15:00Z,The stunning rebound of South Africa PGM producers,https://www.miningmx.com/top-story/64444-the-stunning-rebound-of-south-africas-pgm-producers/,miningmx.com,gdelt,,,unknown,unknown,False,0.0,0.1,0.35,3.636846,9.277769,True,True,4,1.2,3.22,"tier=3;bucket=3;kw=0;verified(1h=1,1d=1)"
PALLADIUM,2026-03-02T13:15:00Z,Northam starts initial work on Zondereinde expansion,https://www.miningmx.com/news/platinum/64402-northam-starts-initial-work-on-zondereinde-expansion-project/,miningmx.com,gdelt,,,unknown,unknown,False,0.0,0.1,0.35,3.636846,9.277769,True,True,4,1.2,3.22,"tier=3;bucket=3;kw=0;verified(1h=1,1d=1)"
PALLADIUM,2026-02-27T13:30:00Z,Zimbabwe Owes Valterra Platinum $100 Million in Unpaid Export Proceeds,https://allafrica.com/stories/202602270316.html,allafrica.com,gdelt,,,unknown,unknown,False,0.0,0.1,0.35,1.694932,8.948855,True,True,1,1.2,3.22,"tier=3;bucket=3;kw=0;verified(1h=1,1d=1)"
PALLADIUM,2026-02-27T08:00:00Z,Shareholder update and Dealing in securities | Company Announcement,https://www.investegate.co.uk/announcement/rns/jubilee-metals-group--jlp/shareholder-update-and-dealing-in-securities/9449934,investegate.co.uk,gdelt,,,unknown,unknown,False,0.0,0.1,0.35,7.562192,8.948855,True,True,2,1.2,3.22,"tier=3;bucket=3;kw=0;verified(1h=1,1d=1)"
PALLADIUM,2026-02-27T08:00:00Z,Updated interim dividends payment date | Company Announcement,https://www.investegate.co.uk/announcement/rns/sylvania-platinum-ltd-di---slp/updated-interim-dividends-payment-date/9449921,investegate.co.uk,gdelt,,,unknown,unknown,False,0.0,0.1,0.35,7.562192,8.948855,True,True,2,1.2,3.22,"tier=3;bucket=3;kw=0;verified(1h=1,1d=1)"
PALLADIUM,2026-01-31T17:15:00Z,"With the West arms down , will we see peace ?",https://www.manilatimes.net/2026/02/01/opinion/columns/with-the-wests-arms-down-will-we-see-peace/2269153,manilatimes.net,gdelt,,,unknown,unknown,False,0.0,0.1,0.35,5.319934,8.462309,True,True,11,1.2,3.22,"tier=3;bucket=3;kw=0;verified(1h=1,1d=1)"
PALLADIUM,2025-12-25T23:45:00Z,Gold is set for its best year since Jimmy Carter was president,https://edition.cnn.com/2025/12/24/investing/gold-price-futures-soar,edition.cnn.com,gdelt,,,unknown,unknown,False,0.0,0.1,0.35,1.902124,9.233912,True,True,12,1.2,3.22,"tier=3;bucket=3;kw=0;verified(1h=1,1d=1)"
COPPER,2026-02-04T14:30:00Z,"Century Aluminum ( CENX ), EGA Partner to Build $4B Oklahoma Smelter , First New US Facility Since 1980",https://www.insidermonkey.com/blog/century-aluminum-cenx-ega-partner-to-build-4b-oklahoma-smelter-first-new-us-facility-since-1980-1688618/,insidermonkey.com,gdelt,,,unknown,unknown,False,0.0,0.1,0.35,8.488164,8.488164,True,True,2,1.2,3.386667,"tier=1;bucket=1;kw=1;verified(1h=1,1d=1)"
COPPER,2026-02-04T13:45:00Z,Glencore Canada halts major Horne Smelter investments needed to comply with Quebec regulations,https://www.theglobeandmail.com/business/article-glencore-canada-horne-smelter-investments-quebec/,theglobeandmail.com,gdelt,,,unknown,unknown,False,0.0,0.1,0.35,8.488164,8.488164,True,True,3,1.2,3.386667,"tier=1;bucket=1;kw=1;verified(1h=1,1d=1)"
COPPER,2026-02-04T13:00:00Z,Kazakhstan Reshapes Copper Export Flows Amid Rising Global Demand - The Times Of Central Asia,https://timesca.com/kazakhstan-reshapes-copper-export-flows-amid-rising-global-demand/,timesca.com,gdelt,,,unknown,unknown,False,0.0,0.1,0.35,1.938095,8.488164,True,True,5,1.2,3.386667,"tier=1;bucket=1;kw=1;verified(1h=1,1d=1)"
COPPER,2026-02-04T11:00:00Z,Copper futures : Sees high volatility - The HinduBusinessLine,https://www.thehindubusinessline.com/portfolio/technical-analysis/commodity-calls/copper-futures-sees-high-volatility/article70590785.ece,thehindubusinessline.com,gdelt,,,unknown,unknown,False,0.0,0.1,0.35,1.585468,8.488164,True,True,9,1.2,3.386667,"tier=1;bucket=1;kw=1;verified(1h=1,1d=1)"
COPPER,2026-02-03T21:30:00Z,Glencore Canada suspends major investments in its Horne Smelter,https://www.therecord.com/business/glencore-canada-suspends-major-investments-in-its-horne-smelter/article_5dc2aee4-22d0-5337-b481-776538cd3027.html,therecord.com,gdelt,,,unknown,unknown,False,0.0,0.1,0.35,1.579349,8.488164,True,True,34,1.2,3.386667,"tier=1;bucket=1;kw=1;verified(1h=1,1d=1)"
COPPER,2026-02-03T21:00:00Z,Trama bielorrusa : el mail urgente con que Codelco alertó al exjuez Sergio Muñoz,https://www.t13.cl/noticia/ex-ante/politica/trama-bielorrusa-mail-urgente-codelco-alerto-al-exjuez-sergio-munoz-3-2-2026,t13.cl,gdelt,,,unknown,unknown,False,0.0,0.1,0.35,1.421431,8.488164,True,True,36,1.2,3.386667,"tier=1;bucket=1;kw=1;verified(1h=1,1d=1)"
COPPER,2026-02-03T20:00:00Z,Glencore hints at 2027 closure for Horne smelter absent deal,https://www.mining.com/glencore-hints-at-2027-closure-for-horne-smelter-absent-deal/,mining.com,gdelt,,,unknown,unknown,False,0.0,0.1,0.35,1.488506,8.488164,True,True,37,1.2,3.386667,"tier=1;bucket=1;kw=1;verified(1h=1,1d=1)"
COPPER,2026-02-03T18:30:00Z,Glencore Halts $300M Quebec Smelter Investment to Cut Emissions,https://www.el-balad.com/6841923,el-balad.com,gdelt,,,unknown,unknown,False,0.0,0.1,0.35,1.230789,8.488164,True,True,42,1.2,3.386667,"tier=1;bucket=1;kw=1;verified(1h=1,1d=1)"
COPPER,2025-12-04T14:15:00Z,Vicepresidencia de Codelco abre importantes puestos de trabajo en casa matriz : ¿ Hasta cuándo y dónde postular ?,https://www.elobservatodo.cl/noticia/economia/vicepresidencia-de-codelco-abre-importantes-puestos-de-trabajo-en-casa-matriz-hasta,elobservatodo.cl,gdelt,,,unknown,unknown,False,0.0,0.1,0.35,8.273428,8.273428,True,True,35,1.2,3.386667,"tier=1;bucket=1;kw=1;verified(1h=1,1d=1)"
COPPER,2025-12-05T11:15:00Z,Elemental signs option agreement for Hachita porphyry copper - gold project sale,https://finance.yahoo.com/news/elemental-signs-option-agreement-hachita-104031556.html,finance.yahoo.com,gdelt,,,unknown,unknown,False,0.0,0.1,0.35,4.100225,5.590848,True,True,10,1.139771,3.055408,"tier=1;bucket=1;kw=1;verified(1h=1,1d=1)"
COPPER,2026-02-04T02:00:00Z,Codelco impulsa cobre de alta pureza para aplicaciones científicas y tecnológicas,https://www.elvacanudo.cl/noticia/tecnologia/codelco-impulsa-cobre-de-alta-pureza-para-aplicaciones-cientificas-y-tecnologicas,elvacanudo.cl,gdelt,,,unknown,unknown,False,0.0,0.1,0.35,0.0,8.488164,False,True,25,0.75,2.666667,"tier=1;bucket=1;kw=1;verified(1h=0,1d=1)"
COPPER,2026-02-04T00:45:00Z,Codelco impulsa cobre de alta pureza para aplicaciones científicas y tecnológicas,https://www.laopinon.cl/noticia/tecnologia/codelco-impulsa-cobre-de-alta-pureza-para-aplicaciones-cientificas-y-tecnologicas,laopinon.cl,gdelt,,,unknown,unknown,False,0.0,0.1,0.35,0.0,8.488164,False,True,27,0.75,2.666667,"tier=1;bucket=1;kw=1;verified(1h=0,1d=1)"
COPPER,2026-02-04T00:15:00Z,Codelco impulsa cobre de alta pureza para aplicaciones científicas y tecnológicas,https://www.elrancahuaso.cl/noticia/tecnologia/codelco-impulsa-cobre-de-alta-pureza-para-aplicaciones-cientificas-y-tecnologicas,elrancahuaso.cl,gdelt,,,unknown,unknown,False,0.0,0.1,0.35,0.0,8.488164,False,True,28,0.75,2.666667,"tier=1;bucket=1;kw=1;verified(1h=0,1d=1)"
COPPER,2026-02-04T00:00:00Z,Codelco impulsa cobre de alta pureza para aplicaciones científicas y tecnológicas,https://www.elmorrocotudo.cl/noticia/tecnologia/codelco-impulsa-cobre-de-alta-pureza-para-aplicaciones-cientificas-y-tecnologicas,elmorrocotudo.cl,gdelt,,,unknown,unknown,False,0.0,0.1,0.35,0.0,8.488164,False,True,29,0.75,2.666667,"tier=1;bucket=1;kw=1;verified(1h=0,1d=1)"
COPPER,2025-12-04T13:00:00Z,"División Ministro Hales , Chuquicamata y Radomiro Tomic de Codelco requiere de nuevos profesionales : ¿ Hasta cuándo y dónde postular ?",https://www.elnortero.cl/noticia/economia/division-ministro-hales-chuquicamata-y-radomiro-tomic-de-codelco-requiere-de-nuevos,elnortero.cl,gdelt,,,unknown,unknown,False,0.0,0.1,0.35,0.0,8.273428,False,True,39,0.75,2.666667,"tier=1;bucket=1;kw=1;verified(1h=0,1d=1)"
COPPER,2025-12-04T02:30:00Z,Codelco elige socio para liderar nuevo proyecto de fundición de cobre en Chile,https://gestion.pe/mundo/internacional/codelco-elige-socio-para-liderar-nuevo-proyecto-de-fundicion-de-cobre-en-chile-noticia/,gestion.pe,gdelt,,,unknown,unknown,False,0.0,0.1,0.35,0.0,8.273428,False,True,50,0.75,2.666667,"tier=1;bucket=1;kw=1;verified(1h=0,1d=1)"
COPPER,2025-12-05T15:00:00Z,La nueva minería ya está aquí : estos son los perfiles profesionales que Codelco impulsa para su transformación digital,https://www.eldinamo.cl/innovacion/2025/12/05/la-nueva-mineria-ya-esta-aqui-estos-son-los-perfiles-profesionales-que-codelco-impulsa-para-su-transformacion-digital/,eldinamo.cl,gdelt,,,unknown,unknown,False,0.0,0.1,0.35,0.0,5.590848,False,True,0,0.689771,2.335408,"tier=1;bucket=1;kw=1;verified(1h=0,1d=1)"
COPPER,2025-12-05T13:30:00Z,División El Teniente de Codelco requiere de nuevos profesionales : ¿ Hasta cuándo y dónde postular ?,https://www.elrancahuaso.cl/noticia/economia/division-el-teniente-de-codelco-requiere-de-nuevos-profesionales-hasta-cuando-y-don,elrancahuaso.cl,gdelt,,,unknown,unknown,False,0.0,0.1,0.35,0.0,5.590848,False,True,7,0.689771,2.335408,"tier=1;bucket=1;kw=1;verified(1h=0,1d=1)"
COPPER,2025-12-05T00:30:00Z,Elemental Executes Option Agreement to Sell the Hachita Porphyry Copper - Gold Project,https://www.cantechletter.com/newswires/elemental-executes-option-agreement-to-sell-the-hachita-porphyry-copper-gold-project/,cantechletter.com,gdelt,,,unknown,unknown,False,0.0,0.1,0.35,0.0,5.590848,False,True,27,0.689771,2.335408,"tier=1;bucket=1;kw=1;verified(1h=0,1d=1)"
COPPER,2025-12-04T22:00:00Z,Columna de Rafael Pizarro : La deuda imposible del acuerdo Codelco – SQM,https://www.cnnchile.com/opinion/columna-de-rafael-pizarro-la-deuda-imposible-del-acuerdo-codelco-sqm_20251204/,cnnchile.com,gdelt,,,unknown,unknown,False,0.0,0.1,0.35,0.0,5.590848,False,True,31,0.689771,2.335408,"tier=1;bucket=1;kw=1;verified(1h=0,1d=1)"
ALUMINUM,2026-03-05T03:30:00Z,Mining revenue decline 89 % on raw export ban,https://mwnation.com/mining-revenue-decline-89-on-raw-export-ban/,mwnation.com,gdelt,export_restriction,,confirmed,cause,True,0.76,0.1,0.35,0.0,2.62654,False,True,25,0.615663,3.976516,"tier=1;bucket=1;kw=1;verified(1h=0,1d=1)"
ALUMINUM,2026-03-04T14:30:00Z,"Force majeure in LNG contracts : Why QatarEnergy is using it after Ras Laffan , Mesaieed attacks",https://www.moneycontrol.com/news/business/commodities/force-majeure-in-lng-contracts-why-qatarenergy-is-using-it-after-ras-laffan-mesaieed-attacks-13850743.html,moneycontrol.com,gdelt,,,unknown,unknown,False,0.0,0.35,0.35,1.299944,6.016888,True,True,70,1.150422,3.538989,"tier=1;bucket=1;kw=1;verified(1h=1,1d=1)"
ALUMINUM,2026-03-04T17:45:00Z,Aluminum price surges to 4 - year high on Bahrain force majeure,https://www.mining.com/aluminum-price-surges-to-4-year-high-on-bahrain-force-majeure/,mining.com,gdelt,,,unknown,unknown,False,0.0,0.1,0.35,1.526466,6.016888,True,True,68,1.150422,3.280655,"tier=1;bucket=1;kw=1;verified(1h=1,1d=1)"
ALUMINUM,2026-03-04T13:00:00Z,Qatalum Starts Controlled Shutdown Of Aluminum Production Amid Natural Gas Shortage,https://www.finanznachrichten.de/nachrichten-2026-03/67853297-qatalum-starts-controlled-shutdown-of-aluminum-production-amid-natural-gas-shortage-020.htm,finanznachrichten.de,gdelt,,,unknown,unknown,False,0.0,0.1,0.35,2.782411,6.016888,True,True,74,1.150422,3.113989,"tier=1;bucket=1;kw=1;verified(1h=1,1d=1)"
ALUMINUM,2026-02-04T14:30:00Z,"Century Aluminum ( CENX ), EGA Partner to Build $4B Oklahoma Smelter , First New US Facility Since 1980",https://www.insidermonkey.com/blog/century-aluminum-cenx-ega-partner-to-build-4b-oklahoma-smelter-first-new-us-facility-since-1980-1688618/,insidermonkey.com,gdelt,,,unknown,unknown,False,0.0,0.1,0.35,3.025878,3.31876,True,True,3,1.082969,2.909663,"tier=1;bucket=1;kw=1;verified(1h=1,1d=1)"
ALUMINUM,2026-02-03T20:00:00Z,Glencore hints at 2027 closure for Horne smelter absent deal,https://www.mining.com/glencore-hints-at-2027-closure-for-horne-smelter-absent-deal/,mining.com,gdelt,,,unknown,unknown,False,0.0,0.1,0.35,3.778513,3.938494,True,True,42,1.098462,2.82821,"tier=1;bucket=1;kw=1;verified(1h=1,1d=1)"
ALUMINUM,2026-03-04T23:45:00Z,How long will Gulf disruptions support aluminum prices ? | Hellenic Shipping News Worldwide,https://www.hellenicshippingnews.com/how-long-will-gulf-disruptions-support-aluminum-prices/,hellenicshippingnews.com,gdelt,,,unknown,unknown,False,0.0,0.1,0.35,3.092948,3.092948,True,True,51,1.077324,2.711947,"tier=1;bucket=1;kw=1;verified(1h=1,1d=1)"
ALUMINUM,2026-01-05T11:15:00Z,Ivanhoe Mines begins copper anode production at smelter in Africa,https://biztoc.com/x/29ba2ae770eeacbd,biztoc.com,gdelt,,,unknown,unknown,False,0.0,0.1,0.35,2.075098,2.624721,True,True,24,1.065618,2.647566,"tier=1;bucket=1;kw=1;verified(1h=1,1d=1)"
ALUMINUM,2026-01-05T11:00:00Z,Overview of Venezuela Aluminum Industry Chain,https://news.metal.com/newscontent/103702193/overview-of-venezuelas-aluminum-industry-chain,news.metal.com,gdelt,,,unknown,unknown,False,0.0,0.1,0.35,2.075098,2.624721,True,True,26,1.065618,2.647566,"tier=1;bucket=1;kw=1;verified(1h=1,1d=1)"
ALUMINUM,2026-01-05T10:00:00Z,Ivanhoe Mines begins copper anode production at smelter in Africa,https://finance.yahoo.com/news/ivanhoe-mines-begins-copper-anode-093004152.html,finance.yahoo.com,gdelt,,,unknown,unknown,False,0.0,0.1,0.35,2.033455,2.624721,True,True,39,1.065618,2.647566,"tier=1;bucket=1;kw=1;verified(1h=1,1d=1)"
ALUMINUM,2026-03-04T18:45:00Z,Eksperci ostrzegają . Świat czekają problemy z aluminium,"https://biznes.interia.pl/gospodarka/news-handlarze-aluminium-przygotowuja-sie-na-chaos-kryzys-w-irani,nId,22615660",biznes.interia.pl,gdelt,,,unknown,unknown,False,0.0,0.1,0.35,0.0,6.016888,False,True,64,0.700422,2.393989,"tier=1;bucket=1;kw=1;verified(1h=0,1d=1)"
ALUMINUM,2026-02-03T18:30:00Z,Glencore Halts $300M Quebec Smelter Investment to Cut Emissions,https://www.el-balad.com/6841923,el-balad.com,gdelt,,,unknown,unknown,False,0.0,0.1,0.35,0.0,4.180219,False,True,48,0.654505,2.141447,"tier=1;bucket=1;kw=1;verified(1h=0,1d=1)"
ALUMINUM,2026-02-03T16:45:00Z,Major alumina deposit found in Sask . will transform North American mining sector : premier,https://paherald.sk.ca/major-alumina-deposit-found-in-sask-will-transform-north-american-mining-sector-premier/,paherald.sk.ca,gdelt,,,unknown,unknown,False,0.0,0.1,0.35,0.0,4.180219,False,True,55,0.654505,2.141447,"tier=1;bucket=1;kw=1;verified(1h=0,1d=1)"
ALUMINUM,2026-02-04T07:45:00Z,"Kanishk Aluminium IPO listing : Stock lists at 20 % discount to offer price , extends fall to hit 5 % lower circuit",https://www.livemint.com/market/ipo/kanishk-aluminium-ipo-listing-stock-lists-at-20-discount-to-offer-price-extends-fall-to-hit-5-lower-circuit-11770184403911.html,livemint.com,gdelt,,,unknown,unknown,False,0.0,0.1,0.35,0.0,3.938494,False,True,23,0.648462,2.10821,"tier=1;bucket=1;kw=1;verified(1h=0,1d=1)"
ALUMINUM,2026-02-04T01:30:00Z,Alumina Limited : Integration abgeschlossen (),https://www.aktiencheck.de/news/Artikel-Alumina_Limited_Integration_abgeschlossen-19434707,aktiencheck.de,gdelt,,,unknown,unknown,False,0.0,0.1,0.35,0.0,3.938494,False,True,35,0.648462,2.10821,"tier=1;bucket=1;kw=1;verified(1h=0,1d=1)"
ALUMINUM,2026-02-03T21:30:00Z,Glencore Canada suspends major investments in its Horne Smelter,https://www.therecord.com/business/glencore-canada-suspends-major-investments-in-its-horne-smelter/article_5dc2aee4-22d0-5337-b481-776538cd3027.html,therecord.com,gdelt,,,unknown,unknown,False,0.0,0.1,0.35,0.0,3.938494,False,True,40,0.648462,2.10821,"tier=1;bucket=1;kw=1;verified(1h=0,1d=1)"
ALUMINUM,2026-02-04T13:45:00Z,Glencore Canada halts major Horne Smelter investments needed to comply with Quebec regulations,https://www.theglobeandmail.com/business/article-glencore-canada-horne-smelter-investments-quebec/,theglobeandmail.com,gdelt,,,unknown,unknown,False,0.0,0.1,0.35,0.0,3.31876,False,True,5,0.632969,2.022996,"tier=1;bucket=1;kw=1;verified(1h=0,1d=1)"
ALUMINUM,2026-01-05T13:30:00Z,JPMorgan Funds £6 Billion Smelter Plant Hours After US Seizes Venezuela Metal Wealth,https://www.ibtimes.co.uk/jpmorgan-funds-6-billion-smelter-plant-hours-after-us-seizes-venezuela-metal-wealth-1768359,ibtimes.co.uk,gdelt,,,unknown,unknown,False,0.0,0.1,0.35,0.0,2.833742,False,True,7,0.620844,1.956306,"tier=1;bucket=1;kw=1;verified(1h=0,1d=1)"
ALUMINUM,2026-03-05T14:15:00Z,Metal Stocks Surge As Aluminium Prices Rise On Middle East Supply Disruptions,https://www.businessworld.in/article/metal-stocks-surge-as-aluminium-prices-rise-on-middle-east-supply-disruptions-596162,businessworld.in,gdelt,,,unknown,unknown,False,0.0,0.1,0.35,0.0,2.62654,False,True,1,0.615663,1.927816,"tier=1;bucket=1;kw=1;verified(1h=0,1d=1)"
ALUMINUM,2026-03-04T23:45:00Z,Shipping for oil tankers 4 - 5x higher in Strait of Hormuz says global shipping CEO,https://www.hellenicshippingnews.com/shipping-for-oil-tankers-4-5x-higher-in-strait-of-hormuz-says-global-shipping-ceo/,hellenicshippingnews.com,gdelt,transport_disruption,,confirmed,cause,True,0.6,0.1,0.35,3.092948,3.092948,True,True,51,1.077324,4.40768,"tier=2;bucket=2;kw=0;verified(1h=1,1d=1)"
NICKEL,2025-12-23T16:45:00Z,Disruption and dislocation : LME metal year in seven charts,https://www.mining.com/web/disruption-and-dislocation-lme-metals-year-in-seven-charts/,mining.com,gdelt,,,unknown,unknown,False,0.0,0.1,0.35,2.571127,2.849967,True,True,7,1.071249,2.678537,"tier=1;bucket=1;kw=1;verified(1h=1,1d=1)"
NICKEL,2026-01-27T02:15:00Z,Indonesia massive captive coal plans are putting climate targets and economy at risk : study | News | Eco - Business,https://www.eco-business.com/news/indonesias-massive-captive-coal-plans-are-putting-climate-targets-and-economy-at-risk-study/,eco-business.com,gdelt,,,unknown,unknown,False,0.0,0.1,0.35,0.0,8.315222,False,True,4,0.75,2.666667,"tier=1;bucket=1;kw=1;verified(1h=0,1d=1)"
NICKEL,2026-01-26T05:30:00Z,China to open up nickel and lithium futures to foreign investors,https://www.thehindubusinessline.com/markets/commodities/china-to-open-up-nickel-and-lithium-futures-to-foreign-investors/article70551849.ece,thehindubusinessline.com,gdelt,,,unknown,unknown,False,0.0,0.1,0.35,0.0,7.049892,False,True,8,0.726247,2.536027,"tier=1;bucket=1;kw=1;verified(1h=0,1d=1)"
NICKEL,2026-02-19T07:15:00Z,"Landslide in Indonesia Morowali nickel hub kills one , halts operations",https://www.marketscreener.com/news/landslide-in-indonesia-s-morowali-nickel-hub-kills-one-halts-operations-ce7e5ddfdf8af427,marketscreener.com,gdelt,,,unknown,unknown,False,0.0,0.1,0.35,0.0,4.361339,False,True,2,0.659033,2.499684,"tier=1;bucket=1;kw=1;verified(1h=0,1d=1)"
NICKEL,2025-12-30T01:15:00Z,From Glencore trader to Indonesia nickel king,https://www.thestar.com.my/business/business-news/2025/12/30/from-glencore-trader-to-indonesias-nickel-king,thestar.com.my,gdelt,,,unknown,unknown,False,0.0,0.1,0.35,0.0,4.628649,False,True,4,0.665716,2.369773,"tier=1;bucket=1;kw=1;verified(1h=0,1d=1)"
NICKEL,2026-01-05T03:45:00Z,Indonesia tightens grip on resources with Switzerland - sized land grab,https://www.businesstimes.com.sg/international/asean/indonesia-tightens-grip-resources-switzerland-sized-land-grab,businesstimes.com.sg,gdelt,,,unknown,unknown,False,0.0,0.1,0.35,0.0,5.748552,False,True,5,0.693714,2.357093,"tier=1;bucket=1;kw=1;verified(1h=0,1d=1)"
NICKEL,2026-01-05T03:30:00Z,Indonesia tightens grip on resources with Switzerland - sized land grab,https://www.mining.com/web/indonesia-tightens-grip-on-resources-with-switzerland-sized-land-grab/,mining.com,gdelt,,,unknown,unknown,False,0.0,0.1,0.35,0.0,5.748552,False,True,6,0.693714,2.357093,"tier=1;bucket=1;kw=1;verified(1h=0,1d=1)"
NICKEL,2026-01-28T03:15:00Z,STRATEGI FINANSIAL INDONESIA 2026 : Optimisme di Tengah Ketidakpastian,https://finansial.bisnis.com/read/20260128/90/1947833/strategi-finansial-indonesia-2026-optimisme-di-tengah-ketidakpastian,finansial.bisnis.com,gdelt,,,unknown,unknown,False,0.0,0.1,0.35,0.0,5.577985,False,True,14,0.68945,2.33364,"tier=1;bucket=1;kw=1;verified(1h=0,1d=1)"
NICKEL,2026-02-18T15:45:00Z,Indonesia tightens control on nickel as US and China scramble for critical minerals,https://www.naharnet.com:443/stories/en/318475-indonesia-tightens-control-on-nickel-as-us-and-china-scramble-for-critical-minerals,naharnet.com,gdelt,,,unknown,unknown,False,0.0,0.1,0.35,0.0,4.361339,False,True,3,0.659033,2.333017,"tier=1;bucket=1;kw=1;verified(1h=0,1d=1)"
NICKEL,2026-01-05T13:00:00Z,"farmlandgrab . org | Indonesia Prabowo tightens grip on plantations , mines with vast land grab",https://www.farmlandgrab.org/post/33221-indonesia-s-prabowo-tightens-grip-on-plantations-mines-with-vast-land-grab,farmlandgrab.org,gdelt,,,unknown,unknown,False,0.0,0.1,0.35,0.0,5.451274,False,True,0,0.686282,2.316217,"tier=1;bucket=1;kw=1;verified(1h=0,1d=1)"
NICKEL,2026-03-04T23:45:00Z,Nickel nationalism holds back Indonesia clean tech ambitions,https://eastasiaforum.org/2026/03/05/nickel-nationalism-holds-back-indonesias-clean-tech-ambitions/,eastasiaforum.org,gdelt,,,unknown,unknown,False,0.0,0.1,0.35,0.0,4.184744,False,True,1,0.654619,2.308736,"tier=1;bucket=1;kw=1;verified(1h=0,1d=1)"
NICKEL,2026-02-18T07:30:00Z,"Indonesia tightens control on nickel as the U . S . and China scramble for critical minerals | The Asahi Shimbun : Breaking News , Japan News and Analysis",https://www.asahi.com/ajw/articles/16362691,asahi.com,gdelt,,,unknown,unknown,False,0.0,0.1,0.35,0.0,3.778624,False,True,5,0.644466,2.252894,"tier=1;bucket=1;kw=1;verified(1h=0,1d=1)"
NICKEL,2026-02-18T05:45:00Z,Indonesia tightens control on nickel as the US and China scramble for minerals,https://abcnews.com/Technology/wireStory/indonesia-tightens-control-nickel-us-china-scramble-critical-130254367,abcnews.com,gdelt,,,unknown,unknown,False,0.0,0.1,0.35,0.0,3.778624,False,True,6,0.644466,2.252894,"tier=1;bucket=1;kw=1;verified(1h=0,1d=1)"
NICKEL,2026-02-18T04:30:00Z,Indonesia tightens control on nickel as the US and China scramble for critical minerals,https://www.newsday.com/business/southeast-indonesia-nickel-ev-battery-trump-j17243,newsday.com,gdelt,,,unknown,unknown,False,0.0,0.1,0.35,0.0,3.778624,False,True,7,0.644466,2.252894,"tier=1;bucket=1;kw=1;verified(1h=0,1d=1)"
NICKEL,2025-12-29T07:45:00Z,How a reclusive ex - Glencore trader became Indonesia nickel king,https://www.mining.com/web/how-a-reclusive-ex-glencore-trader-became-indonesias-nickel-king/,mining.com,gdelt,,,unknown,unknown,False,0.0,0.1,0.35,0.0,3.548891,False,True,7,0.638722,2.221306,"tier=1;bucket=1;kw=1;verified(1h=0,1d=1)"
NICKEL,2025-12-29T02:00:00Z,How a Reclusive Ex - Glencore Trader Became Indonesia Nickel King,https://financialpost.com/pmn/business-pmn/how-a-reclusive-ex-glencore-trader-became-indonesias-nickel-king,financialpost.com,gdelt,,,unknown,unknown,False,0.0,0.1,0.35,0.0,3.548891,False,True,7,0.638722,2.221306,"tier=1;bucket=1;kw=1;verified(1h=0,1d=1)"
NICKEL,2026-02-16T17:00:00Z,"Philippines , Indonesian nickel miners forge cooperation agreement",https://www.philstar.com/business/2026/02/17/2508434/philippines-indonesian-nickel-miners-forge-cooperation-agreement,philstar.com,gdelt,,,unknown,unknown,False,0.0,0.1,0.35,0.0,4.282029,False,True,3,0.657051,2.155446,"tier=1;bucket=1;kw=1;verified(1h=0,1d=1)"
NICKEL,2026-02-25T03:00:00Z,The Australia - Indonesia green economic opportunity,"https://independentaustralia.net/politics/politics-display/the-australia-indonesia-green-economic-opportunity,20727",independentaustralia.net,gdelt,,,unknown,unknown,False,0.0,0.1,0.35,0.0,4.003142,False,True,7,0.650079,2.117099,"tier=1;bucket=1;kw=1;verified(1h=0,1d=1)"
NICKEL,2025-12-26T15:15:00Z,【 SMM Analysis 】 Weekly Review of Indonesian Nickel Market - Dec 26,https://news.metal.com/newscontent/103693573/smm-analysisweekly-review-of-indonesian-nickel-market---dec-26,news.metal.com,gdelt,,,unknown,unknown,False,0.0,0.1,0.35,0.0,3.901265,False,True,1,0.647532,2.103091,"tier=1;bucket=1;kw=1;verified(1h=0,1d=1)"
NICKEL,2026-03-01T20:30:00Z,Amerika Serikat Incar Sektor Mineral Kritis di Indonesia,https://kupang.tribunnews.com/news/952495/amerika-serikat-incar-sektor-mineral-kritis-di-indonesia,kupang.tribunnews.com,gdelt,,,unknown,unknown,False,0.0,0.1,0.35,0.0,3.857456,False,True,2,0.646436,2.097067,"tier=1;bucket=1;kw=1;verified(1h=0,1d=1)"
ZINC,2026-02-12T18:00:00Z,Chinese zinc and lead smelters rely on byproducts in 2026,https://www.fastmarkets.com/insights/chinese-zinc-and-lead-smelters-rely-on-byproducts-in-2026/,fastmarkets.com,gdelt,,,unknown,unknown,False,0.0,0.1,0.35,2.453424,3.504868,True,True,0,1.087622,2.768586,"tier=1;bucket=1;kw=1;verified(1h=1,1d=1)"
ZINC,2025-12-23T18:15:00Z,"राष्ट्रीय स्वदेशी मेले में हिन्दुस्तान ज़िंक की सखी स्टॉल की व्यापक सराहना , महिलाओं और किसानों को मिली नई दिशा | Hindustan Zinc Sakhi stall at the National Swadeshi Fair receives wide appreciation , providing new direction to women and farmers",https://www.pratahkal.com/chittorgarh/hindustan-zincs-sakhi-stall-at-the-national-swadeshi-fair-receives-wide-appreciation-providing-new-direction-to-women-and-farmers-1549902,pratahkal.com,gdelt,,,unknown,unknown,False,0.0,0.1,0.35,0.0,5.761228,False,True,13,0.694031,2.358835,"tier=1;bucket=1;kw=1;verified(1h=0,1d=1)"
ZINC,2026-02-18T20:15:00Z,Tasmanian EPA drops plan to implement tighter lead controls after pushback from Nyrstar smelter,https://www.abc.net.au/news/2026-02-19/epa-folds-after-nyrstar-pushback-on-tougher-lead-emissions/106352924,abc.net.au,gdelt,,,unknown,unknown,False,0.0,0.1,0.35,0.0,2.212272,False,True,4,0.605307,2.037521,"tier=1;bucket=1;kw=1;verified(1h=0,1d=1)"
ZINC,2026-02-09T09:15:00Z,Korea Zinc posts record profit as metals soar,https://www.koreaherald.com/article/10673031,koreaherald.com,gdelt,,,unknown,unknown,False,0.0,0.1,0.35,0.0,3.31875,False,True,1,0.632969,2.022995,"tier=1;bucket=1;kw=1;verified(1h=0,1d=1)"
ZINC,2026-01-05T11:00:00Z,Future Price Trend Insights : 2026 Zinc Ingot Long - Term Contract Price Summary [ SMM Analysis ],https://news.metal.com/newscontent/103702194/future-price-trend-insights-2026-zinc-ingot-long-term-contract-price-summary-smm-analysis,news.metal.com,gdelt,,,unknown,unknown,False,0.0,0.1,0.35,0.0,3.208418,False,True,4,0.63021,2.007824,"tier=1;bucket=1;kw=1;verified(1h=0,1d=1)"
ZINC,2026-02-04T03:15:00Z,Young Poong - MBK hires US lobbist amid Korea Zinc takeover battle,https://www.koreaherald.com/article/10669443,koreaherald.com,gdelt,,,unknown,unknown,False,0.0,0.1,0.35,0.0,3.103557,False,True,1,0.627589,1.993406,"tier=1;bucket=1;kw=1;verified(1h=0,1d=1)"
ZINC,2026-01-21T16:15:00Z,Korea Zinc $7 . 4B Investment to Transform Middle Tennessee Region,https://www.el-balad.com/6828700,el-balad.com,gdelt,,,unknown,unknown,False,0.0,0.1,0.35,0.0,3.102955,False,True,5,0.627574,1.993323,"tier=1;bucket=1;kw=1;verified(1h=0,1d=1)"
ZINC,2026-02-19T17:45:00Z,"उदयपुर : ट्रेलर की चपेट में आने से जिंक कर्मी की मौत , श्रमिकों ने किया प्रदर्शन | Udaipur Zinc Smelter Worker Dies in Road Accident ; Laborers Protest at Main Gate",https://www.pratahkal.com/udaipur/udaipur-zinc-worker-death-trailer-accident-rundeda-1566628,pratahkal.com,gdelt,,,unknown,unknown,False,0.0,0.1,0.35,0.0,1.84109,False,True,5,0.596027,1.986483,"tier=1;bucket=1;kw=1;verified(1h=0,1d=1)"
ZINC,2025-12-18T00:00:00Z,Korean Mining Giants Clash Again Over Zinc Smelter Project in the U . S .,http://koreabizwire.com/korean-mining-giants-clash-again-over-zinc-smelter-project-in-the-u-s/340360,koreabizwire.com,gdelt,,,unknown,unknown,False,0.0,0.1,0.35,0.0,1.584127,False,True,6,0.589603,1.951151,"tier=1;bucket=1;kw=1;verified(1h=0,1d=1)"
ZINC,2025-12-17T11:45:00Z,Korea Zinc Tennessee smelter emerges as potential target for $200 bil . US fund,https://www.koreatimes.co.kr/economy/policy/20251217/korea-zincs-tennessee-smelter-emerges-as-potential-target-for-200-bil-us-fund,koreatimes.co.kr,gdelt,,,unknown,unknown,False,0.0,0.1,0.35,0.0,1.584127,False,True,9,0.589603,1.951151,"tier=1;bucket=1;kw=1;verified(1h=0,1d=1)"
ZINC,2026-02-06T03:45:00Z,"Fracasa la fusión entre Rio Tinto y la corporación propiedad de Asturiana de Zinc , los dos gigantes de la minería a escala mundial",https://www.lne.es/aviles/2026/02/06/fracasa-fusion-rio-tinto-corporacion-126499275.html,lne.es,gdelt,,,unknown,unknown,False,0.0,0.1,0.35,0.0,2.27731,False,True,4,0.606933,1.879797,"tier=1;bucket=1;kw=1;verified(1h=0,1d=1)"
ZINC,2026-03-02T06:30:00Z,MCX Zinc Futures : Wait for a breakout to go long - The HinduBusinessLine,https://www.thehindubusinessline.com/portfolio/technical-analysis/commodity-calls/mcx-zinc-futures-wait-for-a-breakout-to-go-long/article70694058.ece,thehindubusinessline.com,gdelt,,,unknown,unknown,False,0.0,0.1,0.35,0.0,2.13256,False,True,2,0.603314,1.859894,"tier=1;bucket=1;kw=1;verified(1h=0,1d=1)"
ZINC,2025-12-23T00:30:00Z,The Worldfolio : How Korea Zinc Emerged as a Critical Linchpin in U . S . National Security ?,https://www.theworldfolio.com/news/the-indispensable-linchpin-for-us-national-security/5315/,theworldfolio.com,gdelt,,,unknown,unknown,False,0.0,0.1,0.35,0.0,1.969137,False,True,8,0.599228,1.837423,"tier=1;bucket=1;kw=1;verified(1h=0,1d=1)"
ZINC,2025-12-18T06:30:00Z,Inside Washington rare bet on Korea Zinc - The Korea Herald,https://www.koreaherald.com/article/10639363,koreaherald.com,gdelt,,,unknown,unknown,False,0.0,0.1,0.35,0.0,1.584127,False,True,4,0.589603,1.784484,"tier=1;bucket=1;kw=1;verified(1h=0,1d=1)"
ZINC,2025-12-18T06:15:00Z,Zinc futures find support - The HinduBusinessLine,https://www.thehindubusinessline.com/portfolio/technical-analysis/commodity-calls/zinc-futures-find-support/article70410199.ece,thehindubusinessline.com,gdelt,,,unknown,unknown,False,0.0,0.1,0.35,0.0,1.584127,False,True,6,0.589603,1.784484,"tier=1;bucket=1;kw=1;verified(1h=0,1d=1)"
ZINC,2026-02-22T18:00:00Z,हिन्दुस्तान जिंक द्वारा कराए गये कार्यो से बदल रही गावों की दशा और दिशा - पुष्कर डांगी Zinc _ News :: pressnote . in,https://pressnote.in/Zinc_News_530836.html,pressnote.in,gdelt,,,unknown,unknown,False,0.0,0.1,0.35,0.0,1.508782,False,True,2,0.58772,1.774124,"tier=1;bucket=1;kw=1;verified(1h=0,1d=1)"
ZINC,2025-12-24T11:15:00Z,"[ 들어보니 ] 고려아연 , 통합 제련 기술로 美 공급망 진입 … 온산 모델로 리스크 최소화 - NSP통신",https://www.nspna.com/news/?mode=view&newsid=794724,nspna.com,gdelt,,,unknown,unknown,False,0.0,0.1,0.35,5.761228,5.761228,True,True,4,1.144031,2.912169,"tier=3;bucket=3;kw=0;verified(1h=1,1d=1)"
ZINC,2025-12-24T11:15:00Z,"[ 들어보니 ] 고려아연 , 통합 제련 기술로 美 공급망 진입 … 온산 모델로 리스크 최소화 - NSP통신",https://www.nspna.com/news_issue/?mode=view&issue_id=41&newsid=794724,nspna.com,gdelt,,,unknown,unknown,False,0.0,0.1,0.35,5.761228,5.761228,True,True,4,1.144031,2.912169,"tier=3;bucket=3;kw=0;verified(1h=1,1d=1)"
ZINC,2025-12-24T11:15:00Z,"고려아연 , 美 제련소 투자 가속화 … 법원 유상증자 중단 가처분 기각",http://www.metroseoul.co.kr/article/20251224500465,metroseoul.co.kr,gdelt,,,unknown,unknown,False,0.0,0.1,0.35,5.761228,5.761228,True,True,4,1.144031,2.912169,"tier=3;bucket=3;kw=0;verified(1h=1,1d=1)"
ZINC,2025-12-23T16:30:00Z,Türk vyzval jemenských povstalcov na prepustenie zadržiavaných pracovníkov OSN,https://www.sme.sk/svet/c/turk-vyzval-jemenskych-povstalcov-na-prepustenie-pracovnikov-osn,sme.sk,gdelt,,,unknown,unknown,False,0.0,0.1,0.35,1.630944,5.761228,True,True,12,1.144031,2.912169,"tier=3;bucket=3;kw=0;verified(1h=1,1d=1)"
WHEAT,2025-12-26T14:45:00Z,UK barley harvest hits lowest level since 2012 | The Scottish Farmer,https://www.thescottishfarmer.co.uk/arable/25717172.uk-barley-harvest-hits-lowest-level-since-2012/,thescottishfarmer.co.uk,gdelt,,,unknown,unknown,False,0.0,0.1,0.35,2.766105,2.766105,True,True,4,1.069153,2.833673,"tier=1;bucket=1;kw=1;verified(1h=1,1d=1)"
WHEAT,2025-12-17T12:15:00Z,"Australia to reap larger wheat crop , export restrictions to counter supply pressure",https://www.hellenicshippingnews.com/australia-to-reap-larger-wheat-crop-export-restrictions-to-counter-supply-pressure/,hellenicshippingnews.com,gdelt,,,unknown,unknown,False,0.0,0.1,0.35,2.478197,2.478197,True,True,8,1.061955,2.794085,"tier=1;bucket=1;kw=1;verified(1h=1,1d=1)"
WHEAT,2025-12-23T12:00:00Z,Russian wheat output expected to fall as farmers pivot to oilseeds | Hellenic Shipping News Worldwide,https://www.hellenicshippingnews.com/russian-wheat-output-expected-to-fall-as-farmers-pivot-to-oilseeds/,hellenicshippingnews.com,gdelt,,,unknown,unknown,False,0.0,0.1,0.35,1.781475,3.502334,True,True,6,1.087558,2.768238,"tier=1;bucket=1;kw=1;verified(1h=1,1d=1)"
WHEAT,2025-12-26T15:15:00Z,FinancialContent - Harvest of Uncertainty : Global Grain Markets Navigate Supply Gluts and Biofuel Shifts as 2025 Draws to a Close,https://markets.financialcontent.com/stocks/article/marketminute-2025-12-26-harvest-of-uncertainty-global-grain-markets-navigate-supply-gluts-and-biofuel-shifts-as-2025-draws-to-a-close,markets.financialcontent.com,gdelt,,,unknown,unknown,False,0.0,0.1,0.35,2.766105,2.766105,True,True,3,1.069153,2.667006,"tier=1;bucket=1;kw=1;verified(1h=1,1d=1)"
WHEAT,2026-02-26T20:45:00Z,Wheat Futures Rise as Short - Covering Starts Again -- Daily Grain Highlights,https://www.marketscreener.com/news/wheat-futures-rise-as-short-covering-starts-again-daily-grain-highlights-ce7e5cd9de8cf62d,marketscreener.com,gdelt,,,unknown,unknown,False,0.0,0.1,0.35,1.851123,2.461325,True,True,1,1.061533,2.625099,"tier=1;bucket=1;kw=1;verified(1h=1,1d=1)"
WHEAT,2025-12-18T11:30:00Z,Wheat holds near 8 - week lows after China cancels purchases from US | Hellenic Shipping News Worldwide,https://www.hellenicshippingnews.com/wheat-holds-near-8-week-lows-after-china-cancels-purchases-from-us/,hellenicshippingnews.com,gdelt,,,unknown,unknown,False,0.0,0.1,0.35,1.718905,2.340367,True,True,4,1.058509,2.608467,"tier=1;bucket=1;kw=1;verified(1h=1,1d=1)"
WHEAT,2025-12-17T21:45:00Z,Wheat Trading Lower on Tuesday Morning,https://finance.yahoo.com/news/wheat-trading-lower-tuesday-morning-133000885.html,finance.yahoo.com,gdelt,,,unknown,unknown,False,0.0,0.1,0.35,1.904619,2.340367,True,True,9,1.058509,2.608467,"tier=1;bucket=1;kw=1;verified(1h=1,1d=1)"
WHEAT,2026-02-25T21:45:00Z,Global grain tensions lift wheat and canola prices | The Land,https://www.theland.com.au/story/9182445/global-grain-tensions-lift-wheat-and-canola-prices/,theland.com.au,gdelt,,,unknown,unknown,False,0.0,0.1,0.35,1.91501,2.263882,True,True,6,1.056597,2.59795,"tier=1;bucket=1;kw=1;verified(1h=1,1d=1)"
WHEAT,2026-03-04T19:00:00Z,"Iran strikes nudge wheat market , analysts say",https://capitalpress.com/2026/03/04/iran-strikes-nudge-wheat-market-analysts-say/,capitalpress.com,gdelt,,,unknown,unknown,False,0.0,0.1,0.35,1.836619,2.110971,True,True,4,1.052774,2.576925,"tier=1;bucket=1;kw=1;verified(1h=1,1d=1)"
WHEAT,2026-02-26T15:30:00Z,FinancialContent - Global Wheat Supply Tightens as Winter Wheat Futures Hit Multi - Month Highs,https://markets.financialcontent.com/stocks/article/marketminute-2026-2-26-global-wheat-supply-tightens-as-winter-wheat-futures-hit-multi-month-highs,markets.financialcontent.com,gdelt,,,unknown,unknown,False,0.0,0.1,0.35,0.0,2.461325,False,True,4,0.611533,2.071765,"tier=1;bucket=1;kw=1;verified(1h=0,1d=1)"
WHEAT,2025-12-24T05:30:00Z,Wheat Pushing Higher as Exports Tick Up,https://finance.yahoo.com/news/wheat-pushing-higher-exports-tick-182453743.html,finance.yahoo.com,gdelt,,,unknown,unknown,False,0.0,0.1,0.35,0.0,3.502334,False,True,4,0.637558,2.048238,"tier=1;bucket=1;kw=1;verified(1h=0,1d=1)"
WHEAT,2025-12-25T22:45:00Z,Wheat Prices Are Headed for Their Longest Rally Since April . How You Should Play Futures Here .,https://finance.yahoo.com/news/wheat-prices-headed-longest-rally-155037133.html,finance.yahoo.com,gdelt,,,unknown,unknown,False,0.0,0.1,0.35,0.0,2.766105,False,True,4,0.619153,1.947006,"tier=1;bucket=1;kw=1;verified(1h=0,1d=1)"
WHEAT,2025-12-18T05:00:00Z,Wheat Collapsing on Tuesday,https://finance.yahoo.com/news/wheat-collapsing-tuesday-181310536.html,finance.yahoo.com,gdelt,,,unknown,unknown,False,0.0,0.1,0.35,0.0,2.340367,False,True,4,0.608509,1.888467,"tier=1;bucket=1;kw=1;verified(1h=0,1d=1)"
WHEAT,2025-12-18T02:15:00Z,Analyst has a positive outlook for wheat,https://www.gx94radio.com/2025/12/17/analyst-has-a-positive-outlook-for-wheat/,gx94radio.com,gdelt,,,unknown,unknown,False,0.0,0.1,0.35,0.0,2.340367,False,True,5,0.608509,1.888467,"tier=1;bucket=1;kw=1;verified(1h=0,1d=1)"
WHEAT,2026-02-25T23:30:00Z,Global grain tensions lift wheat and canola prices | Farm Weekly,https://www.farmweekly.com.au/story/9182445/global-grain-tensions-lift-wheat-and-canola-prices/,farmweekly.com.au,gdelt,,,unknown,unknown,False,0.0,0.1,0.35,0.0,2.263882,False,True,6,0.606597,1.87795,"tier=1;bucket=1;kw=1;verified(1h=0,1d=1)"
WHEAT,2026-03-01T21:00:00Z,US wheat futures surge to multimonth highs amid geopolitical tensions | Hellenic Shipping News Worldwide,https://www.hellenicshippingnews.com/us-wheat-futures-surge-to-multimonth-highs-amid-geopolitical-tensions/,hellenicshippingnews.com,gdelt,,,unknown,unknown,False,0.0,0.1,0.35,0.0,2.113804,False,True,1,0.602845,1.857315,"tier=1;bucket=1;kw=1;verified(1h=0,1d=1)"
WHEAT,2026-02-19T15:30:00Z,FinancialContent - Arctic Blast Sends Wheat Prices Soaring 6 . 1 % as Winterkill Fears Grip North American Plains,https://markets.financialcontent.com/stocks/article/marketminute-2026-2-19-arctic-blast-sends-wheat-prices-soaring-61-as-winterkill-fears-grip-north-american-plains,markets.financialcontent.com,gdelt,,,unknown,unknown,False,0.0,0.1,0.35,0.0,2.102431,False,True,3,0.602561,1.855751,"tier=1;bucket=1;kw=1;verified(1h=0,1d=1)"
WHEAT,2025-12-20T01:00:00Z,Wheat heads for biggest weekly fall since June on ample supply,https://www.zawya.com/en/economy/global/wheat-heads-for-biggest-weekly-fall-since-june-on-ample-supply-kjsguxlb,zawya.com,gdelt,,,unknown,unknown,False,0.0,0.1,0.35,0.0,1.791402,False,True,4,0.594785,1.812984,"tier=1;bucket=1;kw=1;verified(1h=0,1d=1)"
WHEAT,2025-12-26T21:00:00Z,Wheat Futures Snap Winning Streak -- Daily Grain Highlights,https://www.marketscreener.com/news/wheat-futures-snap-winning-streak-daily-grain-highlights-ce7e59dad08df726,marketscreener.com,gdelt,,,unknown,unknown,False,0.0,0.1,0.35,0.0,1.600951,False,True,2,0.590024,1.786797,"tier=1;bucket=1;kw=1;verified(1h=0,1d=1)"
WHEAT,2026-02-20T21:15:00Z,Wheat Futures Higher as Speculative Streak Extends -- Daily Grain Highlights,https://www.marketscreener.com/news/wheat-futures-higher-as-speculative-streak-extends-daily-grain-highlights-ce7e5dddd088fe23,marketscreener.com,gdelt,,,unknown,unknown,False,0.0,0.1,0.35,0.0,1.472625,False,True,0,0.586816,1.769153,"tier=1;bucket=1;kw=1;verified(1h=0,1d=1)"
SUGAR,2026-02-17T01:00:00Z,"Hippo Valley expands sugar exports to united states , EU markets",https://www.newzimbabwe.com/hippo-valley-expands-sugar-exports-to-usa-eu-markets/,newzimbabwe.com,gdelt,,,unknown,unknown,False,0.0,0.1,0.35,0.0,3.449166,False,True,2,0.636229,2.040927,"tier=1;bucket=1;kw=1;verified(1h=0,1d=1)"
SUGAR,2026-03-01T01:30:00Z,Sugar Prices Fall on the Outlook for a Global Sugar Surplus,https://finance.yahoo.com/news/sugar-prices-fall-outlook-global-192542055.html,finance.yahoo.com,gdelt,,,unknown,unknown,False,0.0,0.1,0.35,0.0,1.530206,False,True,3,0.588255,1.943737,"tier=1;bucket=1;kw=1;verified(1h=0,1d=1)"
SUGAR,2026-03-05T02:45:00Z,Rogers Sugar ( OTCMKTS : RSGUF ) Stock Price Down 0 % – Time to Sell ?,https://www.tickerreport.com/banking-finance/13367725/rogers-sugar-otcmktsrsguf-stock-price-down-0-time-to-sell.html,tickerreport.com,gdelt,,,unknown,unknown,False,0.0,0.1,0.35,0.0,2.460398,False,True,1,0.61151,1.904971,"tier=1;bucket=1;kw=1;verified(1h=0,1d=1)"
SUGAR,2026-02-08T04:45:00Z,"CARICOM private sector backs sugar refineries in Guyana , Belize",https://kaieteurnewsonline.com/2026/02/08/caricom-private-sector-backs-sugar-refineries-in-guyana-belize/,kaieteurnewsonline.com,gdelt,,,unknown,unknown,False,0.0,0.1,0.35,0.0,2.131016,False,True,1,0.603275,1.859681,"tier=1;bucket=1;kw=1;verified(1h=0,1d=1)"
SUGAR,2026-03-02T21:00:00Z,Sugar Prices Rise Ahead of Iran War Fears,http://www.maritimeprofessional.com/news/sugar-prices-rise-ahead-iran-416319,maritimeprofessional.com,gdelt,,,unknown,unknown,False,0.0,0.1,0.35,0.0,2.045434,False,True,5,0.601136,1.847914,"tier=1;bucket=1;kw=1;verified(1h=0,1d=1)"
SUGAR,2026-03-02T17:45:00Z,Sugar Prices Rise Ahead Of Iran War Fears,https://www.marinelink.com/news/sugar-prices-rise-ahead-iran-war-fears-536368,marinelink.com,gdelt,,,unknown,unknown,False,0.0,0.1,0.35,0.0,2.045434,False,True,5,0.601136,1.847914,"tier=1;bucket=1;kw=1;verified(1h=0,1d=1)"
SUGAR,2026-03-04T10:45:00Z,"Balrampur Chini , Shree Renuka , other sugar stocks rise up to 9 % despite market sell - off : Here why",https://www.moneycontrol.com/news/business/markets/balrampur-chini-shree-renuka-other-sugar-stocks-rise-up-to-9-despite-market-sell-off-here-s-why-13850500.html,moneycontrol.com,gdelt,,,unknown,unknown,False,0.0,0.1,0.35,0.0,1.97287,False,True,4,0.599322,1.837936,"tier=1;bucket=1;kw=1;verified(1h=0,1d=1)"
SUGAR,2026-03-04T07:00:00Z,Sugar Prices Supported by Strength in Crude Oil,https://finance.yahoo.com/news/sugar-prices-supported-strength-crude-192616657.html,finance.yahoo.com,gdelt,,,unknown,unknown,False,0.0,0.1,0.35,0.0,1.97287,False,True,5,0.599322,1.837936,"tier=1;bucket=1;kw=1;verified(1h=0,1d=1)"
SUGAR,2026-02-10T04:30:00Z,"Lacson looks forward to Congress policy on sugar , agri importation",https://visayandailystar.com/lacson-looks-forward-to-congress-policy-on-sugar-agri-importation/,visayandailystar.com,gdelt,,,unknown,unknown,False,0.0,0.1,0.35,0.0,1.921158,False,True,6,0.598029,1.830826,"tier=1;bucket=1;kw=1;verified(1h=0,1d=1)"
SUGAR,2026-02-04T06:15:00Z,Abundant Global Supplies Weigh on Sugar Prices,https://finance.yahoo.com/news/abundant-global-supplies-weigh-sugar-192819786.html,finance.yahoo.com,gdelt,,,unknown,unknown,False,0.0,0.1,0.35,0.0,1.679768,False,True,2,0.591994,1.797635,"tier=1;bucket=1;kw=1;verified(1h=0,1d=1)"
SUGAR,2026-02-12T04:30:00Z,There Nothing Sweet About This Sugar : How Much Lower Will Prices Go ?,https://finance.yahoo.com/news/nothing-sweet-sugar-much-lower-171204447.html,finance.yahoo.com,gdelt,,,unknown,unknown,False,0.0,0.1,0.35,0.0,1.530635,False,True,7,0.588266,1.777129,"tier=1;bucket=1;kw=1;verified(1h=0,1d=1)"
SUGAR,2026-02-11T22:00:00Z,"Sugar council , NEXIM partner on long - term financing to curb import dependence",https://www.thecable.ng/sugar-council-nexim-partner-on-long-term-financing-to-curb-import-dependence/,thecable.ng,gdelt,,,unknown,unknown,False,0.0,0.1,0.35,0.0,1.530635,False,True,4,0.588266,1.777129,"tier=1;bucket=1;kw=1;verified(1h=0,1d=1)"
SUGAR,2026-01-24T01:00:00Z,P20B in revenue potentially lost by June – sugar farmers,https://visayandailystar.com/p20b-in-revenue-potentially-lost-by-june-sugar-farmers/,visayandailystar.com,gdelt,,,unknown,unknown,False,0.0,0.1,0.35,0.0,1.530593,False,True,4,0.588265,1.777123,"tier=1;bucket=1;kw=1;verified(1h=0,1d=1)"
SUGAR,2026-03-01T00:30:00Z,Sugar Prices Slightly Lower on Adequate Global Supplies,https://finance.yahoo.com/news/sugar-prices-slightly-lower-adequate-172726144.html,finance.yahoo.com,gdelt,,,unknown,unknown,False,0.0,0.1,0.35,0.0,1.530206,False,True,4,0.588255,1.77707,"tier=1;bucket=1;kw=1;verified(1h=0,1d=1)"
SUGAR,2026-02-25T20:15:00Z,House launches probe into collapse of millgate price of domestic sugar,https://www.bworldonline.com/economy/2026/02/25/732868/house-launches-probe-into-collapse-of-millgate-price-of-domestic-sugar/,bworldonline.com,gdelt,,,unknown,unknown,False,0.0,0.1,0.35,0.0,1.333247,False,True,2,0.583331,1.749988,"tier=1;bucket=1;kw=1;verified(1h=0,1d=1)"
SUGAR,2026-02-25T11:30:00Z,Bajaj mill shuts in Pilibhit with Rs 152 . 9cr cane dues pending | Bareilly News,https://timesofindia.indiatimes.com/city/bareilly/bajaj-mill-shuts-in-pilibhit-with-rs-152-9cr-cane-dues-pending/articleshow/128779173.cms,timesofindia.indiatimes.com,gdelt,,,unknown,unknown,False,0.0,0.1,0.35,0.0,1.333247,False,True,1,0.583331,1.749988,"tier=1;bucket=1;kw=1;verified(1h=0,1d=1)"
SUGAR,2026-01-23T04:45:00Z,Sugar Prices Recover on Brazilian Real Strength,https://finance.yahoo.com/news/sugar-prices-recover-brazilian-real-172903284.html,finance.yahoo.com,gdelt,,,unknown,unknown,False,0.0,0.1,0.35,0.0,1.26981,False,True,5,0.581745,1.741266,"tier=1;bucket=1;kw=1;verified(1h=0,1d=1)"
SUGAR,2026-03-04T22:15:00Z,东方财富财经早餐 3月5日周四 _ 东方财富网,https://finance.eastmoney.com/a/202603043662047881.html,finance.eastmoney.com,gdelt,,,unknown,unknown,False,0.0,0.1,0.35,1.97287,2.460398,True,True,2,1.06151,2.458305,"tier=3;bucket=3;kw=0;verified(1h=1,1d=1)"
SUGAR,2026-03-03T11:00:00Z,"Експорт цукру з України за пів року сягнув 270 тис . тонн , частка ЄС склала 14 %",https://ua.interfax.com.ua/news/economic/1148754.html,ua.interfax.com.ua,gdelt,,,unknown,unknown,False,0.0,0.1,0.35,2.01047,2.01047,True,True,5,1.050262,2.39644,"tier=3;bucket=3;kw=0;verified(1h=1,1d=1)"
SUGAR,2026-02-10T11:00:00Z,Эксперт Президентской академии в Санкт - Петербурге о развитие экономической основы ЕАЭС » Информационное агентство МАНГАЗЕЯ,https://www.mngz.ru/ugra/4233827-ekspert-prezidentskoy-akademii-v-sankt-peterburge-o-razvitie-ekonomicheskoy-osnovy-eaes.html,mngz.ru,gdelt,,,unknown,unknown,False,0.0,0.1,0.35,1.921158,1.921158,True,True,4,1.048029,2.384159,"tier=3;bucket=3;kw=0;verified(1h=1,1d=1)"
COFFEE,2026-02-04T13:45:00Z,Snow Drought in the West Reaches Record Levels,https://www.sej.org/headlines/snow-drought-west-reaches-record-levels,sej.org,gdelt,weather_supply_shock,operator:weather->coffee_export_supply->COFFEE,confirmed,cause,True,1.0,0.1,0.35,2.669734,4.221974,True,True,45,1.105549,5.359821,"tier=2;bucket=2;kw=0;verified(1h=1,1d=1)"
COFFEE,2026-01-05T15:45:00Z,South Dakota creeping back into drought conditions,https://www.gowatertown.net/south-dakota-creeping-back-into-drought-conditions/,gowatertown.net,gdelt,weather_supply_shock,operator:weather->coffee_export_supply->COFFEE,confirmed,cause,True,1.0,0.1,0.35,1.781338,3.114025,True,True,2,1.077851,5.207478,"tier=2;bucket=2;kw=0;verified(1h=1,1d=1)"
COFFEE,2026-01-05T15:15:00Z,Last drought monitor map released in 2025 - Dakota Broadcasting,https://dakotabroadcasting.com/last-drought-monitor-map-released-in-2025/,dakotabroadcasting.com,gdelt,weather_supply_shock,operator:weather->coffee_export_supply->COFFEE,confirmed,cause,True,1.0,0.1,0.35,1.711233,3.114025,True,True,28,1.077851,5.207478,"tier=2;bucket=2;kw=0;verified(1h=1,1d=1)"
COFFEE,2026-01-05T12:15:00Z,"Türkiye inflation slips to below 31 %, keeping rate cuts on track",https://www.dailysabah.com/business/economy/turkiye-inflation-slips-to-below-31-keeping-rate-cuts-on-track,dailysabah.com,gdelt,central_bank_dovish_shift,,confirmed,cause,True,0.894,0.1,0.35,3.209797,3.209797,True,True,74,1.080245,4.891267,"tier=2;bucket=2;kw=0;verified(1h=1,1d=1)"
COFFEE,2026-02-04T14:30:00Z,"After the winter storm , how does January rainfall in D - FW compare to normal ?",https://www.dallasnews.com/news/weather/2026/02/04/after-the-winter-storm-how-does-januarys-rainfall-in-d-fw-compare-to-normal/,dallasnews.com,gdelt,extreme_weather_supply_shock,,confirmed,cause,True,0.57,0.1,0.35,1.449019,4.221974,True,True,21,1.105549,4.439021,"tier=2;bucket=2;kw=0;verified(1h=1,1d=1)"
COFFEE,2026-02-04T16:00:00Z,Le Maroc appelle les habitants à quitter les zones à risque dinondation alors que les évacuations dépassent 108 000 personnes,https://www.zonebourse.com/actualite-bourse/le-maroc-appelle-les-habitants-a-quitter-les-zones-a-risque-d-inondation-alors-que-les-evacuations-d-ce7e5adadf8dff21,zonebourse.com,gdelt,,,unknown,unknown,False,0.0,0.1,0.35,1.867354,4.221974,True,True,0,1.105549,2.700521,"tier=3;bucket=3;kw=0;verified(1h=1,1d=1)"
COFFEE,2026-02-04T16:00:00Z,Water crisis threatens paddy fields in various panchayats in Thrissur ; farmers warn of mass protests against KSEB,https://www.thehindu.com/news/national/kerala/water-crisis-threatens-paddy-fields-in-various-panchayats-in-thrissur-farmers-warn-of-mass-protests-against-kseb/article70592426.ece,thehindu.com,gdelt,,,unknown,unknown,False,0.0,0.1,0.35,1.867354,4.221974,True,True,0,1.105549,2.700521,"tier=3;bucket=3;kw=0;verified(1h=1,1d=1)"
COFFEE,2026-02-04T16:00:00Z,Presume EU logro para que México pague agua,https://www.eldiariodechihuahua.mx/estados-unidos/2026/feb/04/presume-eu-logro-para-que-mexico-pague-agua-769023.html,eldiariodechihuahua.mx,gdelt,,,unknown,unknown,False,0.0,0.1,0.35,1.867354,4.221974,True,True,0,1.105549,2.700521,"tier=3;bucket=3;kw=0;verified(1h=1,1d=1)"
COFFEE,2026-02-04T16:00:00Z,Mexico agrees to make more predictable water deliveries to the US,https://www.baltimoresun.com/2026/02/04/mexico-us-reach-water-deal/,baltimoresun.com,gdelt,,,unknown,unknown,False,0.0,0.1,0.35,1.867354,4.221974,True,True,0,1.105549,2.700521,"tier=3;bucket=3;kw=0;verified(1h=1,1d=1)"
COFFEE,2026-02-04T16:00:00Z,Safra recorde deve derrubar preço da saca de soja para menos de R$ 100 em MT,https://www.poconet.com.br/noticia/ler/safra-recorde-deve-derrubar-preco-da-saca-de-soja-para-menos-de-r-100-em-mt/45162,poconet.com.br,gdelt,,,unknown,unknown,False,0.0,0.1,0.35,1.867354,4.221974,True,True,0,1.105549,2.700521,"tier=3;bucket=3;kw=0;verified(1h=1,1d=1)"
COFFEE,2026-02-04T15:45:00Z,Why Are Grocery Prices Rising Despite Low Inflation Rates ?,https://krforadio.com/ixp/66/p/grocery-prices-minnesota/,krforadio.com,gdelt,,,unknown,unknown,False,0.0,0.1,0.35,1.867354,4.221974,True,True,5,1.105549,2.700521,"tier=3;bucket=3;kw=0;verified(1h=1,1d=1)"
COFFEE,2026-02-04T15:45:00Z,Massachusetts New Hydro - Power Grid Fails : Will New York Be Next ?,https://www.forbes.com/sites/danielmarkind/2026/02/04/massachusettss-new-hydro-power-grid-fails-will-new-york-be-next/,forbes.com,gdelt,,,unknown,unknown,False,0.0,0.1,0.35,1.867354,4.221974,True,True,5,1.105549,2.700521,"tier=3;bucket=3;kw=0;verified(1h=1,1d=1)"
COFFEE,2026-02-04T15:00:00Z,Hilfsorganisation Care : Die vergessenen Krisen der Welt,https://web.de/magazine/unicef/hilfsorganisation-care-vergessenen-krisen-welt-41854602,web.de,gdelt,,,unknown,unknown,False,0.0,0.1,0.35,1.867354,4.221974,True,True,7,1.105549,2.700521,"tier=3;bucket=3;kw=0;verified(1h=1,1d=1)"
COFFEE,2026-02-04T15:00:00Z,Temporal Leonardo en Málaga : Vox denuncia que se tiran millones de litros en los desembalses y reclama más capacidad en los pantanos de Málaga,https://www.laopiniondemalaga.es/malaga/2026/02/04/vox-denuncia-tiran-millones-litros-reforzar-pantanos-malaga-126439735.html,laopiniondemalaga.es,gdelt,,,unknown,unknown,False,0.0,0.1,0.35,1.867354,4.221974,True,True,7,1.105549,2.700521,"tier=3;bucket=3;kw=0;verified(1h=1,1d=1)"
COFFEE,2026-02-04T15:00:00Z,"Chhattisgarh Open : Akshay Sharma continues domination with second straight bogey - free 60 , enjoys three - shot lead",https://ianslive.in/chhattisgarh-open-akshay-sharma-continues-domination-with-second-straight-bogey-free-60-enjoys-three-shot-lead--20260204200223,ianslive.in,gdelt,,,unknown,unknown,False,0.0,0.1,0.35,1.867354,4.221974,True,True,7,1.105549,2.700521,"tier=3;bucket=3;kw=0;verified(1h=1,1d=1)"
COFFEE,2026-02-04T15:00:00Z,La crisis de Telecinco es tan grande que le está llevando a medidas extremas : fusionar platós para ahorrar costes,https://www.xataka.com/cine-y-tv/crisis-telecinco-grande-que-le-esta-llevando-a-medidas-extremas-fusionar-platos-para-ahorrar-costes,xataka.com,gdelt,,,unknown,unknown,False,0.0,0.1,0.35,1.867354,4.221974,True,True,7,1.105549,2.700521,"tier=3;bucket=3;kw=0;verified(1h=1,1d=1)"
COFFEE,2026-02-04T15:00:00Z,Trotz Bilderbuch - Winter setzt sich die Trockenheit weiter fort,http://www.merkur.de/lokales/weilheim/hohenpeissenberg-ort28824/trotz-bilderbuch-winter-setzt-sich-die-trockenheit-weiter-fort-94154472.html,merkur.de,gdelt,,,unknown,unknown,False,0.0,0.1,0.35,1.867354,4.221974,True,True,7,1.105549,2.700521,"tier=3;bucket=3;kw=0;verified(1h=1,1d=1)"
COFFEE,2026-02-04T15:00:00Z,México y EE . UU . alcanzan acuerdo para entrega mínima anual de agua y evitan alza de aranceles,https://elsoldesantiago.com/mexico-y-ee-uu-alcanzan-acuerdo-para-entrega-minima-anual-de-agua-y-evitan-alza-de-aranceles/,elsoldesantiago.com,gdelt,,,unknown,unknown,False,0.0,0.1,0.35,1.867354,4.221974,True,True,7,1.105549,2.700521,"tier=3;bucket=3;kw=0;verified(1h=1,1d=1)"
COFFEE,2026-02-04T15:00:00Z,"Fori Imperiali , allarme pini : vertice in Campidoglio per la sicurezza dellarea archeologica",https://www.romadailynews.it/cronaca/fori-imperiali-allarme-pini-vertice-in-campidoglio-per-la-sicurezza-dellarea-archeologica-0916775/,romadailynews.it,gdelt,,,unknown,unknown,False,0.0,0.1,0.35,1.867354,4.221974,True,True,7,1.105549,2.700521,"tier=3;bucket=3;kw=0;verified(1h=1,1d=1)"
COFFEE,2026-02-04T15:00:00Z,Água imprópria para consumo em cinco freguesias de Vila Franca do Campo devido a derrocada,https://www.acorianooriental.pt/noticia/agua-impropria-para-consumo-em-cinco-freguesias-de-vila-franca-do-campo-devido-a-derrocada-374890,acorianooriental.pt,gdelt,,,unknown,unknown,False,0.0,0.1,0.35,1.867354,4.221974,True,True,7,1.105549,2.700521,"tier=3;bucket=3;kw=0;verified(1h=1,1d=1)"
COCOA,2026-01-05T15:45:00Z,Ivory Coast unseasonal rains expected to strengthen cocoa crop,https://www.marketscreener.com/news/ivory-coast-s-unseasonal-rains-expected-to-strengthen-cocoa-crop-ce7e59dedd8fff22,marketscreener.com,gdelt,,,unknown,unknown,False,0.0,0.1,0.35,1.759093,3.683423,True,True,1,1.092086,2.793137,"tier=1;bucket=1;kw=1;verified(1h=1,1d=1)"
COCOA,2026-02-04T16:30:00Z,Ghana Water expands revenue enhancement teams to strengthen service delivery nationwide,https://theheraldghana.com/ghana-water-expands-revenue-enhancement-teams-to-strengthen-service-delivery-nationwide/,theheraldghana.com,gdelt,,,unknown,unknown,False,0.0,0.1,0.35,3.777334,4.511086,True,True,0,1.112777,2.740274,"tier=3;bucket=3;kw=0;verified(1h=1,1d=1)"
COCOA,2026-02-04T16:15:00Z,Ghana begins 2026 with eased inflation at 3 . 8 pct in January,http://www.bignewsnetwork.com/news/278848966/ghana-begins-2026-with-eased-inflation-at-38-pct-in-january,bignewsnetwork.com,gdelt,,,unknown,unknown,False,0.0,0.1,0.35,3.777334,4.511086,True,True,1,1.112777,2.740274,"tier=3;bucket=3;kw=0;verified(1h=1,1d=1)"
COCOA,2026-02-04T16:15:00Z,"Without secure , reliable means of transferring value , integrated African market cant be achieved - Deputy BoG Governor",https://www.myjoyonline.com/without-secure-reliable-means-of-transferring-value-integrated-african-market-cant-be-achieved-deputy-bog-governor/,myjoyonline.com,gdelt,,,unknown,unknown,False,0.0,0.1,0.35,3.777334,4.511086,True,True,1,1.112777,2.740274,"tier=3;bucket=3;kw=0;verified(1h=1,1d=1)"
COCOA,2026-02-04T16:00:00Z,When will Ruben Amorim break his silence on Man United sacking ? - Man United News And Transfer News,https://thepeoplesperson.com/2026/02/04/when-will-ruben-amorim-break-his-silence-on-man-united-sacking-304624/,thepeoplesperson.com,gdelt,,,unknown,unknown,False,0.0,0.1,0.35,3.777334,4.511086,True,True,3,1.112777,2.740274,"tier=3;bucket=3;kw=0;verified(1h=1,1d=1)"
COCOA,2026-02-04T15:45:00Z,"Ghana : Telecel Group , King Trust Boost Digital Skills for Youth",https://allafrica.com/stories/202602040376.html,allafrica.com,gdelt,,,unknown,unknown,False,0.0,0.1,0.35,3.777334,4.511086,True,True,4,1.112777,2.740274,"tier=3;bucket=3;kw=0;verified(1h=1,1d=1)"
COCOA,2026-02-04T15:00:00Z,Futura Medical says 2025 revenue beats own guidance,https://www.marketscreener.com/news/futura-medical-says-2025-revenue-beats-own-guidance-ce7e5adadc8ef223,marketscreener.com,gdelt,,,unknown,unknown,False,0.0,0.1,0.35,2.199048,4.511086,True,True,5,1.112777,2.740274,"tier=3;bucket=3;kw=0;verified(1h=1,1d=1)"
COCOA,2026-02-04T15:00:00Z,Uganda : Green Deal or Green Wall ?,https://allafrica.com/stories/202602040440.html,allafrica.com,gdelt,,,unknown,unknown,False,0.0,0.1,0.35,2.199048,4.511086,True,True,5,1.112777,2.740274,"tier=3;bucket=3;kw=0;verified(1h=1,1d=1)"
COCOA,2026-02-04T15:00:00Z,"Engineering Council sets Feb 27 deadline for registration of engineering practitioners , firms , educational units",https://ghanaiantimes.com.gh/engineering-council-sets-feb-27-deadline-for-registration-of-engineering-practitioners-firms-educational-units/,ghanaiantimes.com.gh,gdelt,,,unknown,unknown,False,0.0,0.1,0.35,2.199048,4.511086,True,True,5,1.112777,2.740274,"tier=3;bucket=3;kw=0;verified(1h=1,1d=1)"
COCOA,2026-02-04T15:00:00Z,Ghana Takes Center Stage In AI : The Pan African AI Summit Ignites Ethical and Inclusive Tech Leadership,https://ghanaiantimes.com.gh/ghana-takes-center-stage-in-ai-the-pan-african-ai-summit-ignites-ethical-and-inclusive-tech-leadership/,ghanaiantimes.com.gh,gdelt,,,unknown,unknown,False,0.0,0.1,0.35,2.199048,4.511086,True,True,5,1.112777,2.740274,"tier=3;bucket=3;kw=0;verified(1h=1,1d=1)"
COCOA,2026-02-04T14:45:00Z,"Global system of human rights in peril , warns HRW in its annual report - Dominican Republic Post – Caribbean News , Business , Travel & Culture",https://dominicanrepublicpost.com/global-system-of-human-rights-in-peril-warns-hrw-in-its-annual-report/,dominicanrepublicpost.com,gdelt,,,unknown,unknown,False,0.0,0.1,0.35,2.199048,4.511086,True,True,9,1.112777,2.740274,"tier=3;bucket=3;kw=0;verified(1h=1,1d=1)"
COCOA,2026-02-04T14:45:00Z,LIVESTREAMED : President Mahama arrival in Zambia,https://www.ghanaweb.com/GhanaHomePage/NewsArchive/LIVESTREAMED-President-Mahama-s-arrival-in-Zambia-2020210,ghanaweb.com,gdelt,,,unknown,unknown,False,0.0,0.1,0.35,2.199048,4.511086,True,True,9,1.112777,2.740274,"tier=3;bucket=3;kw=0;verified(1h=1,1d=1)"
COCOA,2026-02-04T14:30:00Z,Artificial Intelligence ( AI ) at work : Productivity transformation or workforce displacement ?,https://thebftonline.com/2026/02/04/artificial-intelligence-ai-at-work-productivity-transformation-or-workforce-displacement/,thebftonline.com,gdelt,,,unknown,unknown,False,0.0,0.1,0.35,1.505897,4.511086,True,True,11,1.112777,2.740274,"tier=3;bucket=3;kw=0;verified(1h=1,1d=1)"
COCOA,2026-02-04T14:30:00Z,List of African Countries with Highest Foreign Exchange and Gold Reserves,https://www.legit.ng/world/africa/1695540-list-african-countries-highest-foreign-exchange-gold-reserves/,legit.ng,gdelt,,,unknown,unknown,False,0.0,0.1,0.35,1.505897,4.511086,True,True,11,1.112777,2.740274,"tier=3;bucket=3;kw=0;verified(1h=1,1d=1)"
COCOA,2026-02-04T14:30:00Z,Minister of State for Climate Change and Sustainability pays courtesy call on Chief Fire Officer,https://www.ghanaweb.com/GhanaHomePage/regional/Minister-of-State-for-Climate-Change-and-Sustainability-pays-courtesy-call-on-Chief-Fire-Officer-2020197,ghanaweb.com,gdelt,,,unknown,unknown,False,0.0,0.1,0.35,1.505897,4.511086,True,True,11,1.112777,2.740274,"tier=3;bucket=3;kw=0;verified(1h=1,1d=1)"
COCOA,2026-02-04T14:30:00Z,The Pan African AI Summit ignites ethical and inclusive tech leadership,https://thebftonline.com/2026/02/04/the-pan-african-ai-summit-ignites-ethical-and-inclusive-tech-leadership/,thebftonline.com,gdelt,,,unknown,unknown,False,0.0,0.1,0.35,1.505897,4.511086,True,True,11,1.112777,2.740274,"tier=3;bucket=3;kw=0;verified(1h=1,1d=1)"
COCOA,2026-02-04T14:30:00Z,Kudus Gbeadese declares bid to contest as NDC Secretary in Savannah Region,https://www.ghanaweb.com/GhanaHomePage/regional/Kudus-Gbeadese-declares-bid-to-contest-as-NDC-Secretary-in-Savannah-Region-2020195,ghanaweb.com,gdelt,,,unknown,unknown,False,0.0,0.1,0.35,1.505897,4.511086,True,True,11,1.112777,2.740274,"tier=3;bucket=3;kw=0;verified(1h=1,1d=1)"
COCOA,2026-02-04T14:30:00Z,"The Hunger Project hands over US$165 , 000 worth of medical supplies to GHS",https://thebftonline.com/2026/02/04/the-hunger-project-hands-over-us165000-worth-of-medical-supplies-to-ghs/,thebftonline.com,gdelt,,,unknown,unknown,False,0.0,0.1,0.35,1.505897,4.511086,True,True,11,1.112777,2.740274,"tier=3;bucket=3;kw=0;verified(1h=1,1d=1)"
COCOA,2026-02-04T14:30:00Z,President Mahama to address Zambian National Assembly,https://www.ghanaweb.com/GhanaHomePage/NewsArchive/President-Mahama-to-address-Zambian-National-Assembly-2020204,ghanaweb.com,gdelt,,,unknown,unknown,False,0.0,0.1,0.35,1.505897,4.511086,True,True,11,1.112777,2.740274,"tier=3;bucket=3;kw=0;verified(1h=1,1d=1)"
COCOA,2026-02-04T14:30:00Z,Editorial : Advancing democracy with responsibility,https://thebftonline.com/2026/02/04/editorial-advancing-democracy-with-responsibility/,thebftonline.com,gdelt,,,unknown,unknown,False,0.0,0.1,0.35,1.505897,4.511086,True,True,11,1.112777,2.740274,"tier=3;bucket=3;kw=0;verified(1h=1,1d=1)"
ORANGE,2026-02-03T21:30:00Z,"Florida Freeze Batters Citrus Belt , Inflicts Significant Damage To Central Orange Groves",https://www.zerohedge.com/commodities/florida-freeze-batters-citrus-belt-inflicts-significant-damage-central-orange-groves,zerohedge.com,gdelt,extreme_weather_supply_shock,,confirmed,cause,True,0.57,0.1,0.35,1.312046,4.237295,True,True,0,1.105932,4.607795,"tier=1;bucket=1;kw=1;verified(1h=1,1d=1)"
ORANGE,2026-03-04T01:45:00Z,"Citrus greening disease found in Ramona , quarantine issued by state",https://www.10news.com/news/local-news/citrus-greening-disease-found-in-ramona-quarantine-issued-by-state,10news.com,gdelt,citrus_crop_shock,,confirmed,cause,True,0.75,0.1,0.35,0.0,3.849903,False,True,1,0.646248,4.123428,"tier=1;bucket=1;kw=1;verified(1h=0,1d=1)"
ORANGE,2026-01-29T16:30:00Z,Brazil establishes ARC - Citros to tackle citrus greening,https://www.freshplaza.com/north-america/article/9806181/brazil-establishes-arc-citros-to-tackle-citrus-greening/,freshplaza.com,gdelt,citrus_crop_shock,,confirmed,cause,True,0.75,0.1,0.35,0.0,2.986615,False,True,0,0.624665,4.004726,"tier=1;bucket=1;kw=1;verified(1h=0,1d=1)"
ORANGE,2026-03-02T14:00:00Z,"The glaring failure authorities made in case of missing woman Jessica Zrinski , 31 , as footage emerges of her last known sighting",https://www.dailymail.co.uk/news/article-15606349/Sydney-missing-woman-Jessica-Zrinski-inquest.html,dailymail.co.uk,gdelt,,,unknown,unknown,False,0.0,0.1,0.35,2.11226,6.201743,True,True,1,1.155044,2.97274,"tier=3;bucket=3;kw=0;verified(1h=1,1d=1)"
ORANGE,2026-03-04T12:45:00Z,カゴメ 、 本物使わずオレンジ味に 他の農産物配合 、 ジュース発売へ ： 中日新聞Web,https://www.chunichi.co.jp:443/article/1217919,chunichi.co.jp,gdelt,,,unknown,unknown,False,0.0,0.1,0.35,1.615178,3.849903,True,True,0,1.096248,2.649362,"tier=3;bucket=3;kw=0;verified(1h=1,1d=1)"
ORANGE,2026-02-26T08:45:00Z,"BUDGET 2026| Foot - and - mouth and mining output undermine stronger GDP , Godongwana warns",https://www.dailydispatch.co.za/news/2026-02-26-budget-2026-foot-and-mouth-and-mining-output-undermine-stronger-gdp-godongwana-warns/,dailydispatch.co.za,gdelt,,,unknown,unknown,False,0.0,0.1,0.35,1.351691,3.537316,True,True,0,1.088433,2.606381,"tier=3;bucket=3;kw=0;verified(1h=1,1d=1)"
ORANGE,2026-02-06T16:30:00Z,Coca - Cola retires beloved 80 - year - old product line,https://finance.yahoo.com/news/coca-cola-retires-beloved-80-230300648.html,finance.yahoo.com,gdelt,,,unknown,unknown,False,0.0,0.1,0.35,3.081641,3.081641,True,True,1,1.077041,2.543726,"tier=3;bucket=3;kw=0;verified(1h=1,1d=1)"
ORANGE,2026-02-10T23:30:00Z,"Infected lemon tree discovered at Ben - Gurion , could destroy citrus industry",https://www.yahoo.com/news/articles/infected-lemon-tree-discovered-ben-213020516.html,yahoo.com,gdelt,,,unknown,unknown,False,0.0,0.1,0.35,0.0,4.958085,False,True,0,0.673952,2.081737,"tier=3;bucket=3;kw=0;verified(1h=0,1d=1)"
ORANGE,2026-02-10T23:00:00Z,"Lemon sapling found at airport , could spread citrus disease",https://www.jpost.com/israel-news/crime-in-israel/article-886253,jpost.com,gdelt,,,unknown,unknown,False,0.0,0.1,0.35,0.0,4.958085,False,True,1,0.673952,2.081737,"tier=3;bucket=3;kw=0;verified(1h=0,1d=1)"
ORANGE,2026-03-03T04:45:00Z,Florida Fields Are Hurting – What That Means for Reefer Freight Right Now,https://finance.yahoo.com/news/florida-fields-hurting-means-reefer-041802118.html,finance.yahoo.com,gdelt,,,unknown,unknown,False,0.0,0.1,0.35,0.0,4.396527,False,True,1,0.659913,2.004522,"tier=3;bucket=3;kw=0;verified(1h=0,1d=1)"
ORANGE,2026-02-25T13:30:00Z,"BUDGET 2026 | Foot - and - mouth and mining output undermine stronger GDP , Godongwana warns",https://www.timeslive.co.za/news/south-africa/2026-02-25-budget-2026-foot-and-mouth-and-mining-output-undermine-stronger-gdp-godongwana-warns/,timeslive.co.za,gdelt,,,unknown,unknown,False,0.0,0.1,0.35,0.0,3.957401,False,True,1,0.648935,1.944143,"tier=3;bucket=3;kw=0;verified(1h=0,1d=1)"
ORANGE,2026-02-02T11:15:00Z,CRISPR grapefruit without the bitterness are now in development,https://www.newscientist.com/article/2513798-crispr-grapefruit-without-the-bitterness-are-now-in-development/,newscientist.com,gdelt,,,unknown,unknown,False,0.0,0.1,0.35,0.0,3.888448,False,True,0,0.647211,1.934662,"tier=3;bucket=3;kw=0;verified(1h=0,1d=1)"
ORANGE,2026-02-01T22:15:00Z,7 Grocery Store Items That May Be Harder To Find In 2026,https://www.yahoo.com/lifestyle/articles/7-grocery-store-items-may-213300627.html,yahoo.com,gdelt,,,unknown,unknown,False,0.0,0.1,0.35,0.0,3.888448,False,True,1,0.647211,1.934662,"tier=3;bucket=3;kw=0;verified(1h=0,1d=1)"
ORANGE,2026-01-28T08:45:00Z,California citrus industry faces threat from virus,https://www.10news.com/news/local-news/california-citrus-industry-faces-threat-from-virus-that-devastated-floridas-orange-groves,10news.com,gdelt,,,unknown,unknown,False,0.0,0.1,0.35,0.0,3.78069,False,True,0,0.644517,1.919845,"tier=3;bucket=3;kw=0;verified(1h=0,1d=1)"
ORANGE,2026-02-19T17:15:00Z,El FMI pide a China recortar a la mitad las subvenciones a su industria,https://www.notimerica.com/politica/noticia-china-fmi-pide-china-recortar-mitad-subvenciones-industria-20260219110138.html,notimerica.com,gdelt,,,unknown,unknown,False,0.0,0.1,0.35,0.0,3.586755,False,True,0,0.639669,1.893179,"tier=3;bucket=3;kw=0;verified(1h=0,1d=1)"
ORANGE,2026-02-10T12:30:00Z,15 Plants That Are Illegal to Have in the U . S .,https://www.aol.com/articles/15-plants-illegal-u-093001643.html,aol.com,gdelt,,,unknown,unknown,False,0.0,0.1,0.35,0.0,3.450436,False,True,2,0.636261,1.874435,"tier=3;bucket=3;kw=0;verified(1h=0,1d=1)"
ORANGE,2026-01-22T23:15:00Z,USDA announces 2026 research and development priorities,https://www.agrinews-pubs.com:443/business/2026/01/22/usda-announces-2026-research-and-development-priorities/,agrinews-pubs.com,gdelt,,,unknown,unknown,False,0.0,0.1,0.35,0.0,2.993618,False,True,1,0.62484,1.811623,"tier=3;bucket=3;kw=0;verified(1h=0,1d=1)"
ORANGE,2026-02-27T13:30:00Z,Why origin labelling is important for Florida citrus,https://www.freshplaza.com/north-america/article/9814988/why-origin-labelling-is-important-for-florida-citrus/,freshplaza.com,gdelt,,,unknown,unknown,False,0.0,0.1,0.35,0.0,2.717163,False,True,0,0.617929,1.77361,"tier=3;bucket=3;kw=0;verified(1h=0,1d=1)"
ORANGE,2026-01-12T14:15:00Z,LSU AgCenter launches multi - state invasive species network | Education,https://www.nola.com/news/education/lsu-agcenter-launches-invasive-species-consortium/article_7b0a63de-6b50-5cb1-9fa6-e626ca245639.html,nola.com,gdelt,,,unknown,unknown,False,0.0,0.1,0.35,0.0,2.520124,False,True,4,0.613003,1.746517,"tier=3;bucket=3;kw=0;verified(1h=0,1d=1)"
ORANGE,2026-01-12T03:45:00Z,"ABC , Crawford Fund Spotlight Indonesia Ag Research",https://www.miragenews.com/abc-crawford-fund-spotlight-indonesia-ag-1600245/,miragenews.com,gdelt,,,unknown,unknown,False,0.0,0.1,0.35,0.0,2.520124,False,True,4,0.613003,1.746517,"tier=3;bucket=3;kw=0;verified(1h=0,1d=1)"
