commodity,published_at_utc,title,url,source_name,provider,cause_event,cause_route_key,cause_claim_status,cause_classification,is_primary_cause,fundamental_score,impact_score,confidence,max_abs_z_1h,max_abs_z_1d,verified_move_1h,verified_move_1d,verification_score,quality_score,root_hit,trusted_source,negative_hit,manual_note,source_type
BRN,2026-03-03T14:00:00Z,Oil and natural gas surge after Iran orders Strait of Hormuz closure,https://www.cnbc.com/2026/03/03/crude-oil-prices-today-iran-war.html,cnbc.com,gdelt,chokepoint_closure,chokepoint:hormuz->lng_shipping->NG_US,confirmed,cause,True,1.0,1.0,0.992589,2.3169930077159013,5.3470085261934175,True,True,1.133675213154835,8.912076715774177,True,True,False,"source=internal;trusted=1;anchor=1;trigger=1;root=1;negative=0;noise=0;verified(1h=1,1d=1);query=nan",internal
BRN,2026-03-02T08:06:44Z,Oil soars amid Strait of Hormuz shipping fears as Iran war drives prices to nearly $80,https://www.cnbc.com/2026/03/02/iran-us-oil-strait-hormuz-war-middle-east-energy-brent-crude-wti-conflict.html,CNBC,newsapi,middle_east_supply_risk,exporter:iran->seaborne_crude->BRN,confirmed,cause,True,0.77,1.0,0.893132,6.4848621963677004,6.4848621963677004,True,True,1.1621215549091926,8.578769974545962,True,True,False,"source=internal;trusted=1;anchor=1;trigger=1;root=1;negative=0;noise=0;verified(1h=1,1d=1);query=nan",internal
BRN,2026-03-02T09:51:06Z,Oil Could Pass $100 as Strait of Hormuz Traffic Halts,https://www.rigzone.com/news/oil_could_pass_100_as_strait_of_hormuz_traffic_halts-02-mar-2026-183099-article/,Rigzone,newsapi,chokepoint_closure,chokepoint:hormuz->seaborne_crude->BRN,rumor,mixed,False,0.85,1.0,0.832901,1.5521093608673877,5.816057110809301,True,True,1.1454014277702325,8.199972988851162,True,True,False,"source=internal;trusted=1;anchor=1;trigger=1;root=1;negative=0;noise=0;verified(1h=1,1d=1);query=nan",internal
BRN,2026-03-02T08:07:21Z,Oil could top USD 100 as Strait of Hormuz closure halts flows,https://economictimes.indiatimes.com/markets/commodities/news/oil-could-top-usd-100-as-strait-of-hormuz-closure-halts-flows/articleshow/128941241.cms,The Times of India,newsapi,chokepoint_closure,chokepoint:hormuz->seaborne_crude->BRN,rumor,mixed,False,0.85,0.965206,0.728073,6.4848621963677004,6.4848621963677004,True,True,1.1621215549091926,8.150977324545961,True,True,False,"source=internal;trusted=1;anchor=1;trigger=1;root=1;negative=0;noise=0;verified(1h=1,1d=1);query=nan",internal
BRN,2026-03-02T09:54:28Z,Middle East oil faces pricing confusion as Hormuz traffic halted,https://www.bloomberg.com/news/articles/2026-03-02/middle-east-oil-faces-pricing-muddle-as-hormuz-traffic-halted,Bloomberg,newsapi,transport_disruption,exporter:iran->seaborne_crude->BRN,confirmed,cause,True,0.6,1.0,0.7606,1.5521093608673877,5.816057110809301,True,True,1.1454014277702325,8.093517138851162,True,True,False,"source=internal;trusted=1;anchor=1;trigger=1;root=1;negative=0;noise=0;verified(1h=1,1d=1);query=nan",internal
BRN,2026-03-05T08:45:00Z,"Iran - Israel War : Hormuz tensions threaten India energy lifeline as oil risk premium spikes , says Goldman Sachs",https://economictimes.indiatimes.com/industry/energy/oil-gas/iran-israel-war-hormuz-tensions-threaten-indias-energy-lifeline-as-oil-risk-premium-spikes-says-goldman-sachs/articleshow/129077865.cms,economictimes.indiatimes.com,gdelt,transport_disruption,exporter:iran->seaborne_crude->BRN,confirmed,cause,True,0.6,0.848654,0.667344,7.624227757468517,7.624227757468517,True,True,1.190605693936713,8.051088369683564,True,True,False,"source=internal;trusted=1;anchor=1;trigger=1;root=1;negative=0;noise=0;verified(1h=1,1d=1);query=nan",internal
BRN,2026-03-02T08:20:09Z,Crude oil could top $100 as Strait of Hormuz closure halts flows,https://www.thehindubusinessline.com/markets/commodities/crude-oil-could-top-100-as-strait-of-hormuz-closure-halts-flows/article70694535.ece,BusinessLine,newsapi,chokepoint_closure,chokepoint:hormuz->seaborne_crude->BRN,rumor,mixed,False,0.85,0.905897,0.69749,6.4848621963677004,6.4848621963677004,True,True,1.1621215549091926,8.050845524545961,True,True,False,"source=internal;trusted=1;anchor=1;trigger=1;root=1;negative=0;noise=0;verified(1h=1,1d=1);query=nan",internal
BRN,2026-03-05T04:15:00Z,"Tanker explosion reported near Kuwait , UKMTO reports oil spill amid ongoing Mideast war",https://economictimes.indiatimes.com/news/international/world-news/uk-maritime-agency-reports-tanker-explosion-oil-spill-off-kuwait-amid-mideast-war-strait-of-hormuz/articleshow/129063459.cms,economictimes.indiatimes.com,gdelt,producer_outage,exporter:kuwait->seaborne_crude->BRN,confirmed,cause,True,1.0,0.741502,0.567738,0.0,7.624227757468517,False,True,0.7406056939367129,7.972483269683564,True,True,False,"source=internal;trusted=1;anchor=1;trigger=1;root=1;negative=0;noise=0;verified(1h=0,1d=1);query=nan",internal
BRN,2026-03-05T01:00:00Z,Crude Volatile as Hormuz Risks Increase,https://www.rigzone.com/news/wire/crude_volatile_as_hormuz_risks_increase-04-mar-2026-183130-article/,rigzone.com,gdelt,transport_disruption,exporter:iran->seaborne_crude->BRN,confirmed,cause,True,0.6,1.0,0.941483,0.0,7.624227757468517,False,True,0.7406056939367129,7.933289019683564,True,True,False,"source=internal;trusted=1;anchor=1;trigger=1;root=1;negative=0;noise=0;verified(1h=0,1d=1);query=nan",internal
BRN,2026-03-02T01:42:55Z,"Oil Prices Could Rise Further on Hormuz Delays, Analysts Say",https://financialpost.com/pmn/business-pmn/oil-prices-could-rise-further-on-hormuz-delays-analysts-say,Financial Post,newsapi,transport_disruption,exporter:iran->seaborne_crude->BRN,confirmed,cause,True,0.6,1.0,0.963665,0.0,6.4848621963677004,False,True,0.7121215549091926,7.809723024545962,True,True,False,"source=internal;trusted=1;anchor=1;trigger=1;root=1;negative=0;noise=0;verified(1h=0,1d=1);query=nan",internal
BRN,2026-03-02T02:47:26Z,"Oil prices expected to stay high for days, all eyes on Strait of Hormuz flows",https://economictimes.indiatimes.com/markets/commodities/news/oil-prices-expected-to-stay-high-for-days-all-eyes-on-strait-of-hormuz-flows/articleshow/128934293.cms,The Times of India,newsapi,transport_disruption,exporter:iran->seaborne_crude->BRN,confirmed,cause,True,0.6,1.0,0.823369,0.0,6.4848621963677004,False,True,0.7121215549091926,7.6904714245459616,True,True,False,"source=internal;trusted=1;anchor=1;trigger=1;root=1;negative=0;noise=0;verified(1h=0,1d=1);query=nan",internal
BRN,2026-03-01T00:59:24Z,"Oil and gas majors and traders suspend shipments via Hormuz, sources say",https://economictimes.indiatimes.com/industry/energy/oil-gas/oil-prices-gas-majors-and-traders-suspend-shipments-via-hormuz-sources-say/articleshow/128902327.cms,The Times of India,newsapi,chokepoint_closure,chokepoint:hormuz->lng_shipping->NG_US,confirmed,cause,True,1.0,0.770912,0.571301,0.0,4.734171714412576,False,True,0.6683542928603144,7.651017314301571,True,True,False,"source=internal;trusted=1;anchor=1;trigger=1;root=1;negative=0;noise=0;verified(1h=0,1d=1);query=nan",internal
BRN,2026-03-01T10:57:52Z,$100 oil? Prolonged Hormuz closure could spark a 1970s-style energy shock,https://www.cnbc.com/2026/03/01/experts-weigh-potential-scenarios-for-oil-if-strait-of-hormuz-closes.html,CNBC,newsapi,chokepoint_closure,chokepoint:hormuz->lng_shipping->NG_US,rumor,mixed,False,0.85,0.982642,0.731947,0.0,6.4848621963677004,False,True,0.7121215549091926,7.636065224545963,True,True,False,"source=internal;trusted=1;anchor=1;trigger=1;root=1;negative=0;noise=0;verified(1h=0,1d=1);query=nan",internal
BRN,2026-02-28T15:04:36Z,"Oil and gas majors and traders suspend shipments via Hormuz as US attacks Iran, sources say",https://www.thehindubusinessline.com/markets/commodities/oil-and-gas-majors-and-traders-suspend-shipments-via-hormuz-as-us-attacks-iran-sources-say/article70688736.ece,BusinessLine,newsapi,transport_disruption,exporter:iran->seaborne_crude->BRN,confirmed,cause,True,0.6,0.889406,0.640373,1.504175241421431,4.071983898557699,True,True,1.1017995974639423,7.635072537319711,True,True,False,"source=internal;trusted=1;anchor=1;trigger=1;root=1;negative=0;noise=0;verified(1h=1,1d=1);query=nan",internal
BRN,2026-03-03T15:30:00Z,"Saudi Aramco seeks to reroute crude away from Strait of Hormuz , sources say",https://economictimes.indiatimes.com/industry/energy/oil-gas/saudi-aramco-seeks-to-reroute-crude-away-from-strait-of-hormuz-sources-say/articleshow/128977783.cms,economictimes.indiatimes.com,gdelt,middle_east_supply_risk,exporter:iran->seaborne_crude->BRN,confirmed,cause,True,0.77,0.620123,0.505979,1.2823200177345615,5.3470085261934175,True,True,1.133675213154835,7.632611965774177,True,True,False,"source=internal;trusted=1;anchor=1;trigger=1;root=1;negative=0;noise=0;verified(1h=1,1d=1);query=nan",internal
BRN,2026-03-03T03:16:28Z,"US-Israel attack on Iran Day 4 updates: West Asia war widens as Gulf strikes intensify, US embassies hit, Strait of Hormuz shuts down",https://economictimes.indiatimes.com/news/defence/us-israel-attack-on-iran-day-4-latest-iran-news-middle-east-war-widens-as-gulf-strikes-us-embassy-hits-and-hormuz-closure-threat-escalate/articleshow/128958121.cms,The Times of India,newsapi,exporter_military_strike_risk,exporter:iran->seaborne_crude->BRN,confirmed,cause,True,1.0,0.743444,0.594257,0.0,4.652631117342123,False,True,0.6663157779335531,7.626002339667765,True,True,False,"source=internal;trusted=1;anchor=1;trigger=1;root=1;negative=0;noise=0;verified(1h=0,1d=1);query=nan",internal
BRN,2026-03-03T20:45:00Z,"Trump directs US agency to insure Gulf shipping , says Navy may escort oil tankers through Strait of Hormuz",https://economictimes.indiatimes.com/news/international/world-news/trump-directs-us-agency-to-insure-gulf-shipping-says-navy-may-escort-oil-tankers-through-strait-of-hormuz/articleshow/128989540.cms,economictimes.indiatimes.com,gdelt,middle_east_supply_risk,exporter:iran->seaborne_crude->BRN,confirmed,cause,True,0.77,0.579752,0.481651,2.277300308054528,5.3470085261934175,True,True,1.133675213154835,7.561469415774177,True,True,False,"source=internal;trusted=1;anchor=1;trigger=1;root=1;negative=0;noise=0;verified(1h=1,1d=1);query=nan",internal
BRN,2026-03-04T23:45:00Z,Egypt offers Sumed pipeline to facilitate Saudi oil exports amid Hormuz closure,https://www.hellenicshippingnews.com/egypt-offers-sumed-pipeline-to-facilitate-saudi-oil-exports-amid-hormuz-closure/,hellenicshippingnews.com,gdelt,chokepoint_closure,chokepoint:hormuz->seaborne_crude->BRN,confirmed,cause,True,1.0,0.484803,0.43957,0.0,7.624227757468517,False,True,0.7406056939367129,7.542666719683564,True,True,False,"source=internal;trusted=1;anchor=1;trigger=1;root=1;negative=0;noise=0;verified(1h=0,1d=1);query=nan",internal
BRN,2026-03-01T18:43:54Z,Oil Market’s ‘Worst Fears’ Are Here as Gulf Conflict Hits Hormuz,https://financialpost.com/pmn/business-pmn/oil-markets-worst-fears-are-here-as-gulf-conflict-hits-hormuz,Financial Post,newsapi,transport_disruption,exporter:iran->seaborne_crude->BRN,confirmed,cause,True,0.6,0.945354,0.698943,0.0,6.4848621963677004,False,True,0.7121215549091926,7.516401824545961,True,True,False,"source=internal;trusted=1;anchor=1;trigger=1;root=1;negative=0;noise=0;verified(1h=0,1d=1);query=nan",internal
BRN,2026-03-05T07:30:00Z,"Strait Of Hormuz Oil Supply : How the Iran war is choking off the world oil and gas , ETAuto",https://auto.economictimes.indiatimes.com/news/oil-and-lubes/how-the-iran-war-is-choking-off-the-worlds-oil-and-gas/129064272,auto.economictimes.indiatimes.com,gdelt,transport_disruption,exporter:iran->seaborne_crude->BRN,confirmed,cause,True,0.6,0.829569,0.633476,0.0,7.624227757468517,False,True,0.7406056939367129,7.458444319683564,True,True,False,"source=internal;trusted=1;anchor=1;trigger=1;root=1;negative=0;noise=0;verified(1h=0,1d=1);query=nan",internal
NG_US,2026-02-23T09:41:21Z,Natural gas prices pop as huge winter storm slams U.S. northeast; New York City issues travel ban,https://www.cnbc.com/2026/02/23/gas-prices-winter-storm-new-york-city-travel-ban.html,CNBC,newsapi,extreme_weather_supply_shock,exporter:qatar->lng_shipping->NG_US,confirmed,mixed,True,0.52,1.0,0.953347,3.4349583128127885,6.091308799300422,True,True,1.1522827199825103,8.02575854991255,True,True,False,"source=internal;trusted=1;anchor=1;trigger=1;root=1;negative=0;noise=0;verified(1h=1,1d=1);query=nan",internal
NG_US,2026-02-23T19:30:00Z,Half A Million Without Power After Winter Storm Ravages US Northeast,https://oilprice.com/Latest-Energy-News/World-News/Half-A-Million-Without-Power-After-Winter-Storm-Ravages-US-Northeast.html,OilPrice.com,newsapi,extreme_weather_supply_shock,exporter:qatar->lng_shipping->NG_US,confirmed,cause,True,0.57,0.548533,0.4917,0.0,6.091308799300422,False,True,0.7022827199825106,6.744024849912552,True,True,False,"source=internal;trusted=1;anchor=1;trigger=1;root=1;negative=0;noise=0;verified(1h=0,1d=1);query=nan",internal
NG_US,2026-01-21T08:00:00Z,us natural gas jumps over 50 this week as freeze takes hold,https://news.google.com/rss/articles/CBMirwFBVV95cUxNVjZHOXNGbHpJemVUTUZ3THJySnlfc0dIdER6YkpIb3RxOEswblNOWGo1VXV3cndGUG1wd2JTRm80QkpZTG14c2lIeElFcWM1WGgycnRNZkV3MzVEY3hRbGlKSUc4ejE1RnotdGNkc212Zm1KTlBWbTU4eEJDVHAwaFRZbWY2S1ZMbTJkTUxFLVBSX2l0ejF6VnZkVHhGMmY4S3Fmd1hFX2pHSTRyM3BV?oc=5,Bloomberg,google_rss,extreme_weather_supply_shock,exporter:qatar->lng_shipping->NG_US,unknown,unknown,False,0.45,0.45,0.55,6.798476686203458,6.798476686203458,True,True,1.1699619171550864,6.594809585775431,True,True,False,"source=external;trusted=1;anchor=1;trigger=1;root=1;negative=0;noise=0;verified(1h=1,1d=1);query=Henry Hub freeze storm supply shock 2026",external
NG_US,2026-02-25T20:00:00Z,US Coal and Gas Plant Closures Delayed,https://oilprice.com/Energy/Coal/US-Coal-and-Gas-Plant-Closures-Delayed.html,OilPrice.com,newsapi,extreme_weather_supply_shock,exporter:qatar->lng_shipping->NG_US,confirmed,cause,True,0.57,0.627613,0.518333,2.729449832550762,5.748351947883058,True,True,1.1437087986970764,6.812643293485381,True,True,False,"source=internal;trusted=1;anchor=1;trigger=1;root=1;negative=0;noise=0;verified(1h=1,1d=1);query=nan",internal
NG_US,2026-03-04T15:45:00Z,QatarEnergy Declares Force Majeure After Halting LNG Production,https://oilprice.com/Latest-Energy-News/World-News/QatarEnergy-Declares-Force-Majeure-After-Halting-LNG-Production.html,oilprice.com,gdelt,producer_outage,producer->flow:supply->commodity,unknown,unknown,False,0.0,0.792631,0.597414,2.7755784613094026,5.601153275265234,True,True,1.1400288318816307,5.498734809408154,True,True,False,"source=internal;trusted=1;anchor=1;trigger=0;root=1;negative=0;noise=0;verified(1h=1,1d=1);query=nan",internal
NG_US,2026-03-04T07:30:00Z,Petronet LNG declares force majeure amid Middle East conflict,https://auto.economictimes.indiatimes.com/news/oil-and-lubes/petronet-lng-declares-force-majeure-amid-middle-east-conflict/129002536,auto.economictimes.indiatimes.com,gdelt,producer_outage,producer->flow:supply->commodity,unknown,unknown,False,0.0,0.761084,0.579473,0.0,3.002940967442739,False,True,0.6250735241860685,4.579274670930342,True,True,False,"source=internal;trusted=1;anchor=1;trigger=0;root=1;negative=0;noise=0;verified(1h=0,1d=1);query=nan",internal
NG_US,2026-03-02T11:19:11Z,Israel Pauses Leviathan Gas Production,https://www.rigzone.com/news/israel_pauses_leviathan_gas_production-02-mar-2026-183100-article/,Rigzone,newsapi,extreme_weather_supply_shock,exporter:qatar->lng_shipping->NG_US,unknown,unknown,False,0.0,0.719055,0.550858,0.0,4.21285805141369,False,True,0.6553214512853422,4.103655306426711,True,True,False,"source=internal;trusted=1;anchor=1;trigger=0;root=1;negative=0;noise=0;verified(1h=0,1d=1);query=nan",internal
NG_US,2026-03-05T12:15:00Z,Gail may curtail LNG supply after Qatar supply freeze,https://www.livemint.com/economy/gail-india-lng-supply-curtailment-gas-imports-qatarenergy-force-majeure-west-asia-crisis-11772705144891.html,livemint.com,gdelt,extreme_weather_supply_shock,exporter:qatar->lng_shipping->NG_US,confirmed,cause,True,0.57,0.643195,0.513586,1.452521075457725,2.0649694746742524,True,True,1.0516242368668562,6.567663034334281,True,False,False,"source=internal;trusted=0;anchor=1;trigger=1;root=1;negative=0;noise=0;verified(1h=1,1d=1);query=nan",internal
NG_US,2026-01-27T10:45:00Z,Natural Gas Prices Spike as Winter Storm Threatens Energy Bills – One Green Planet,https://www.onegreenplanet.org/news/natural-gas-prices-spike-as-winter-storm-threatens-energy-bills/,onegreenplanet.org,gdelt,extreme_weather_supply_shock,exporter:qatar->lng_shipping->NG_US,confirmed,cause,True,0.57,0.510807,0.496133,1.3444299519798328,3.1215014798307346,True,True,1.0780375369957684,6.519409484978841,True,False,False,"source=internal;trusted=0;anchor=1;trigger=1;root=1;negative=0;noise=0;verified(1h=1,1d=1);query=nan",internal
NG_US,2026-02-25T14:50:00Z,winter storm fern triggers historic energy crisis eia hikes natural gas price forecasts by 40,https://news.google.com/rss/articles/CBMiiAJBVV95cUxQS3J3Vk52RWpnN1VuQ0JIR3F0TGNLRWtJMWFQby1HbVZQcnB6aHdJRWRDOFhFUGY2anF5RVJNdUp3bG1vM2tzWEMxcnRFNFFFNEhMQXlLcDRpLUpBbXNaZFZYRHFSeUtwZVJrREJjYWc3aDAydnkzdDBRMXp1U2lCdzNJNzZfYU81R1ZIZkJIQ3EyUDAwZ2N1eFRYUktUUnZRWWw1VnFhSWdQMjB3YkZvUnpwTGhiLWUwMUFpZ2U5dUVpQmxfekVsWXNZVjFjbjlndjFMME1YVXlmWkxTRkxvNHJYU1lseURmcEFWcmJwajc4LTRGdmpCLS0zSkEyMnRaaWplN2p2azc?oc=5,The Chronicle-Journal,google_rss,weather_supply_shock,operator:eia->NG_US,unknown,unknown,False,0.45,0.45,0.55,6.94932275064026,6.94932275064026,True,True,1.1737330687660066,6.263665343830032,True,False,False,"source=external;trusted=0;anchor=1;trigger=1;root=1;negative=0;noise=0;verified(1h=1,1d=1);query=Henry Hub freeze storm supply shock 2026",external
NG_US,2026-01-22T08:00:00Z,u s natural gas prices hit 37 month high as freeze offs cut supply,https://news.google.com/rss/articles/CBMiqAFBVV95cUxPMUNraFlXZWFJaTFVV2FqcjlxX3VBUzJjOThzWFdvWERzMEFjdVU0a1JZajBybEllelBHb0lyMWJUOHJYS3JJQkxBNDZiVTAwNE52TlAtb3Njd1NtSEktbm9wMUtPbDJHYzY1Qko2M0VOSWI4eEJ1eEtfamtJYjF5cnpablQ5UlNvcmtickdXMGo5emdreWNZWkFWY3BGakV2Q0ZId0cyZW0?oc=5,Pipeline and Gas Journal,google_rss,weather_supply_shock,operator:eia->NG_US,unknown,unknown,False,0.45,0.45,0.55,6.4157091367617385,6.4157091367617385,True,True,1.1603927284190434,6.196963642095216,True,False,False,"source=external;trusted=0;anchor=1;trigger=1;root=1;negative=0;noise=0;verified(1h=1,1d=1);query=natural gas storage EIA withdrawal 2026 Reuters",external
NG_US,2026-01-22T08:00:00Z,winter shock links gas markets worldwide as us freeze offs meet global lng competition,https://news.google.com/rss/articles/CBMi3wFBVV95cUxNeThYc19hRVRIZW5sM1dQendJRHZOSUpPbVNwdEpZSGxYS016TWhIM3JzNjYybGtlSzh3NjVCQWgyeFRfSUxRZkpxclRVM19KdGM3MldFNlhwLVZlRnY4VDJEUXVkczROSGFvcWIwYk8zQjVCdmlSdWFzYVRROHJJT1IwOXVhX3hKb1FjZmN1aHlzUDZVNzFOczhocFRVRWdVdTVJWUFxbFdsX0ZHT0ctQWRRN05hRGE2b01aSmwyOU54d0hRREpRcEhBaVBibFFSY3hOeGZuMG1rWjFpNkNB?oc=5,Saxo,google_rss,extreme_weather_supply_shock,exporter:qatar->lng_shipping->NG_US,unknown,unknown,False,0.45,0.45,0.55,6.4157091367617385,6.4157091367617385,True,True,1.1603927284190434,6.196963642095216,True,False,False,"source=external;trusted=0;anchor=1;trigger=1;root=1;negative=0;noise=0;verified(1h=1,1d=1);query=Henry Hub freeze storm supply shock 2026",external
NG_US,2026-01-22T08:00:00Z,arctic blast ignites 9 surge in natural gas futures as storms blair and cora freeze u s markets,https://news.google.com/rss/articles/CBMiigJBVV95cUxQOVZfR3B2djRrcENBZUprN2VBTUhGbk1zbWhxcGxGWHNNWUI2M2ZrdFJsb1luakdlUWFlQmNlbV9JYzlMOHZQN1Y5Z24wYTJLRzV6eTBnekIyWmd0VE8zemp1THNGMERDZEU2Vi1UVUFzbjNOWVc2bXFSU3JCNlhsZjZpRDlHaGx0S18ydnRYcjNiRFFxTlF1a2t3dV9hY3VyTDV0N2NjYWo1ZjNHU1pnLWUwNmtvcDVJdnk5Z21Ic05paUhYeXdDc0FickZwd3MwaXU5ZmFlSEF5MDYyUktVaG1LU1kxclk3Q3dlV1JIa0VCcDc4MkVyb2V0NEtJbVhhbngxd3ZLeEVLZw?oc=5,The Chronicle-Journal,google_rss,extreme_weather_supply_shock,exporter:qatar->lng_shipping->NG_US,unknown,unknown,False,0.45,0.45,0.55,6.4157091367617385,6.4157091367617385,True,True,1.1603927284190434,6.196963642095216,True,False,False,"source=external;trusted=0;anchor=1;trigger=1;root=1;negative=0;noise=0;verified(1h=1,1d=1);query=Henry Hub freeze storm supply shock 2026",external
NG_US,2026-02-26T14:58:00Z,natural gas prices break support as winter storm fern premium evaporates,https://news.google.com/rss/articles/CBMi7AFBVV95cUxPUEpIY1UxU3B3UEF1RmdTZHBoUDBNckhWUFVWQjczNUd6NDRpTV95bjNWZkY1WjVTbzQ1c2NHLWdMeDVGUjZoN214T2owQU04emhscV9QUDBWX3hOdnhvM3MyVXBjeTdlNjNHMVpSNmhKTFpub29sYV9XMGQzY1VaTVlBOXplTlQtcVo1V0U5VXBkdzIyemhzTTRwZUY3cENFOVZEYW5TU3FaUFBvMm1PbHdicnN5M1FJNmE5WnVERDZSbEdvY21yT19xaGRoZmh0aWppOF90U05MbjZXMk1sZHJua2FhaWZMcUw5eQ?oc=5,The Chronicle-Journal,google_rss,extreme_weather_supply_shock,exporter:qatar->lng_shipping->NG_US,unknown,unknown,False,0.45,0.45,0.55,2.345566834303026,5.653677420249191,True,True,1.1413419355062298,6.101709677531148,True,False,False,"source=external;trusted=0;anchor=1;trigger=1;root=1;negative=0;noise=0;verified(1h=1,1d=1);query=Henry Hub freeze storm supply shock 2026",external
NG_US,2026-02-05T08:00:00Z,winter storm fern shuts in 18 3 bcfd of us gas production at its peak,https://news.google.com/rss/articles/CBMirwFBVV95cUxQZW1QUy03bHhMWFc1TDlKcmszdzRMclhGcGdIWkhTSXhRZTBOSDdjU1hTaENjX1ZrN3hmRlkycWNlZE9lb2N6dU1ZWmVpYXpWVlRNN3psdVQ5Rk9GcUdBWXFLbnkxYnZlejRSb1o2YWhscER3b2ViMTA3TjlkMUw3OUU4THZhTVgyaUhFS2tYOXV5UjlkZFhKZ3NQbFBBeVRWNGxGVUNhSzNNWWZ3QnM0?oc=5,Wood Mackenzie,google_rss,extreme_weather_supply_shock,exporter:qatar->lng_shipping->NG_US,unknown,unknown,False,0.45,0.45,0.55,2.7774996513109937,5.193430489463993,True,True,1.1298357622365998,6.044178811182999,True,False,False,"source=external;trusted=0;anchor=1;trigger=1;root=1;negative=0;noise=0;verified(1h=1,1d=1);query=Henry Hub freeze storm supply shock 2026",external
NG_US,2026-02-19T08:00:00Z,natural gas price slips after eia storage report as traders eye late winter weather risk,https://news.google.com/rss/articles/CBMitAFBVV95cUxOcWRfbDZYLXN1cDV3VUc2cTF4TFJBSWhfQ0N0MUZHa1M1cy1kZVhCVDJ2ZmtIZy01clNJNWNTdGJoMVUzQzdVTWlqQUVtaU5TTjdFaEo2SmlCZk1BbDFDTFgzVzBmb19rNnNWdzBhcW9QN1lqaGRveGk4eDJ5NjZwb2xIZUhxVkExa19GbTN5T3hCVWNDVmRGV1pUSmNRSXU2ZnU3RjQ5QnhLOGUwT0xGekI1R3k?oc=5,Bez Kabli,google_rss,storage_withdrawal,exporter:qatar->lng_shipping->NG_US,unknown,unknown,False,0.45,0.45,0.55,2.627659703463729,5.169415688787977,True,True,1.1292353922196994,6.041176961098497,True,False,False,"source=external;trusted=0;anchor=1;trigger=1;root=1;negative=0;noise=0;verified(1h=1,1d=1);query=natural gas storage EIA withdrawal 2026 Reuters",external
NG_US,2026-01-29T08:00:00Z,midmorning markets natural gas futures traders cautious following bullish storage withdrawal,https://news.google.com/rss/articles/CBMixAFBVV95cUxNMjlWZVNxYUFDeHhtSUFaTVViUmhyN0VPNVBRbHVrODQ2U3FMWEJqODlfQVRvTGNDZm9zbmlyek12TEtqc3NfVzFFN0RZRlhUZTR0d0pkT0hPdkNTUDJ4MTlNb0E0RG1iUS1JZGRjbjZaZF9OVlNQNE52dUZSYko0blZyajZocWFZT2RtNVdBUDIxRVc0ZUl3ZnhUTXZ2clRvRV9paU9vcjBRZWdPaUlnN3V6aHA2T29ZRVBGWXpuWDBqOHBX?oc=5,Natural Gas Intelligence,google_rss,storage_withdrawal,exporter:qatar->lng_shipping->NG_US,unknown,unknown,False,0.45,0.45,0.55,3.9984189335414415,3.9984189335414415,True,True,1.099960473338536,5.894802366692679,True,False,False,"source=external;trusted=0;anchor=1;trigger=1;root=1;negative=0;noise=0;verified(1h=1,1d=1);query=natural gas storage EIA withdrawal 2026 Reuters",external
NG_US,2026-01-15T08:00:00Z,midmorning markets bearish eia storage data pushes february natural gas lower,https://news.google.com/rss/articles/CBMisAFBVV95cUxPYnFLR3drTXFzaHdCdW1PeFJlNWpZOHpZMlp3ZEZwY295THVqajZtZGVZaFNLSm55U29oRV84d3F5MHljSVVPOW5idU12R0FEVEtlM3RjaVhvOGl2b3lnemNiR21HRWJUOXVOYmZ1eGIyRWVya1ZOTnVQa25IaTJUYXp2STZ2N0wxWnZLY0pQX1JqSUhwZHdlZV94dzl5ekFiNGdwRnF1cm1RWDd0ay1lOA?oc=5,Natural Gas Intelligence,google_rss,storage_withdrawal,exporter:qatar->lng_shipping->NG_US,unknown,unknown,False,0.45,0.45,0.55,0.0,9.50695033924395,False,True,0.75,5.855,True,False,False,"source=external;trusted=0;anchor=1;trigger=1;root=1;negative=0;noise=0;verified(1h=0,1d=1);query=natural gas storage EIA withdrawal 2026 Reuters",external
NG_US,2026-01-15T08:00:00Z,futures settle anemic storage withdrawal sends february natural gas adrift,https://news.google.com/rss/articles/CBMirAFBVV95cUxQZFgzWUpVZ3hIOWJpNUtBOE9Ec1BJV3JMbUgteUtUMWtfVzBGbkN0eHpqdXotNm0wY1lzdVRIUWtxQTU2UW11NjduRk1zMkU5akpMbDNIYktWbDdyQmRPZ280OEdnTDQ0a0JKMUpaemFRRFF5NmVOWFBwVmtKY3M1M3hNNEhyZ1NRWnd1TElHX3FfTVVlb3NrNXAxSE5JVi1qUUozdzY3TG5OcTZL?oc=5,Natural Gas Intelligence,google_rss,storage_withdrawal,exporter:qatar->lng_shipping->NG_US,unknown,unknown,False,0.45,0.45,0.55,0.0,9.50695033924395,False,True,0.75,5.855,True,False,False,"source=external;trusted=0;anchor=1;trigger=1;root=1;negative=0;noise=0;verified(1h=0,1d=1);query=natural gas storage EIA withdrawal 2026 Reuters",external
NG_US,2026-01-28T08:00:00Z,henry hub prices smash all time records as winter storm fern lng tag team to tighten balances,https://news.google.com/rss/articles/CBMixgFBVV95cUxQaWhSeDR2UERiS0YxRENudTd6RWZpQmVPWGU2V2VnbWtiWGNMeDFSeTQ3ZG9rMXBQbUFNSTNoX1lkZUJIMnUxbUVEUU9wQWRJVWF0YmxQNmYtRWxPR1MzR1huUHpxeWxJSDZtaHdreGxkM2F5X0E0RGM4cy1RQnVISVNrTGMxbTNYdl9sRXh6N24wVVh2NGIyMnJNWkZBZTZrbWZOTGNvVGlVUmN5TWlrQTdkNkRpUXdGVkdPemQ2OTh6Z2g3Q0E?oc=5,Natural Gas Intelligence,google_rss,extreme_weather_supply_shock,exporter:qatar->lng_shipping->NG_US,unknown,unknown,False,0.45,0.45,0.55,2.8883678229694034,3.506075045705505,True,True,1.0876518761426377,5.833259380713187,True,False,False,"source=external;trusted=0;anchor=1;trigger=1;root=1;negative=0;noise=0;verified(1h=1,1d=1);query=Henry Hub freeze storm supply shock 2026",external
GOLD,2025-12-09T08:00:00Z,gold rises ahead of fed rate cut decision silver hits 60 oz milestone,https://news.google.com/rss/articles/CBMingFBVV95cUxOZ2oweW1Kd1BZNlhaVWdJT2hxdzlhVDVJUThDWUpPMjk5elp3dm9TWXBOcUtHeTF6b1pUY1JRRC1yMUFyRW9UR2R4SmgwdjlSU0w4c0xxMjl6T2NHZXFBVFBlTGY4TkZJMDN0WmZoVUlpT3dJVHJNdkhTeVpiYmsxdXZESi16UU53S1BuSVRQN0J5cGZNVkJaekdRMGNWQQ?oc=5,Reuters,google_rss,real_yield_decline,macro:rates_fx->safe_haven->GOLD,unknown,unknown,False,0.45,0.45,0.55,2.057527450434376,5.396512617373875,True,True,1.1349128154343469,6.419564077171733,True,True,False,"source=external;trusted=1;anchor=1;trigger=1;root=1;negative=0;noise=0;verified(1h=1,1d=1);query=silver solar demand deficit 2026 Reuters",external
GOLD,2026-03-03T15:43:12Z,iran news gold retreats on strong u s dollar delayed rate cut expectations,https://news.google.com/rss/articles/CBMisgFBVV95cUxPS2JSelhIOXV1Vi1mSjJNbC1YWlk1OVlYVjYtSXlacDVGbERKcFJCNmt0QVpNUGVrVnlodnpKcVd5Y2FSN3BISENjTnNQcTdJVk9tUXZGWVphZGN5eTc4anBkTURNVjBaT1BUOXh6SXlCUldfTVo4c1ltR0I2Xy1ranFMNXNVMUVzRERwSVBGWWF5OFRUOXIzMXFEUHlKZlczNU5HcTd2WGpKcllyaUNqbHVn?oc=5,BNN Bloomberg,google_rss,real_yield_decline,macro:rates_fx->safe_haven->GOLD,unknown,unknown,False,0.45,0.45,0.55,3.2669036137426426,4.037537749734244,True,True,1.100938443743356,6.249692218716779,True,True,False,"source=external;trusted=1;anchor=1;trigger=1;root=1;negative=0;noise=0;verified(1h=1,1d=1);query=gold treasury yields inflation expectations 2026 Reuters",external
GOLD,2025-12-21T08:00:00Z,gold hits all time high propelled by us rate cut hopes safe haven appeal,https://news.google.com/rss/articles/CBMivAFBVV95cUxNbXMzc24xSTdCQ2oxeWtCTzJFeERkVXRxYjE3MHY4WkdlSE5heU9oZVE1S3d4S0Vpa3p1U283cG5uQWpBSVpmNWRobGY5WXZ4VG9MYUdXVHRBZTJyQk9KOGEySEpiRFU0QmJFcVI3a3RTSktPN3ZDN2dGLXozcWluLXV0eUtMZ1hCN0pqdkY3cUtvdWdEamV2Q3dZb0RMZm82NFlpelZocERkb1NQdW11MDR5U0Z2U1lsMnBFaA?oc=5,Reuters,google_rss,real_yield_decline,macro:rates_fx->safe_haven->GOLD,unknown,unknown,False,0.45,0.45,0.55,0.0,9.744407570605162,False,True,0.75,6.204999999999999,True,True,False,"source=external;trusted=1;anchor=1;trigger=1;root=1;negative=0;noise=0;verified(1h=0,1d=1);query=gold real yields central bank buying 2026 Reuters",external
GOLD,2026-03-03T21:57:42Z,gold retreats on strong dollar tempered rate cut bets,https://news.google.com/rss/articles/CBMiqwFBVV95cUxPb3Q1OWFuakhadl83VGkyN2x0WDJxWktJWjhiTVVkZU96TjhfVXYtYWMxQWVHVlZ3bFZrVGZSZlJraElLbTNYNURyX1dNM3p5aGpfNUNKUTI5MWhlc2tiV2xObGhGeE0xcjh6cnRzR2dSZGdyR0VlNm5fOHlJbDZNQW1Ua0pNel8yWmRKRWRpNnFIMmtOZ05hcUFBUlVXcHF0TlRVQzlfbVl5YTA?oc=5,Reuters,google_rss,real_yield_decline,macro:rates_fx->safe_haven->GOLD,unknown,unknown,False,0.45,0.45,0.55,0.0,4.037537749734244,False,True,0.6509384437433562,5.70969221871678,True,True,False,"source=external;trusted=1;anchor=1;trigger=1;root=1;negative=0;noise=0;verified(1h=0,1d=1);query=gold treasury yields inflation expectations 2026 Reuters",external
GOLD,2026-02-02T08:00:00Z,central bank buying backs gold bull run jpm sees 6 300,https://news.google.com/rss/articles/CBMidkFVX3lxTE1GMEZqcklpQzlUQlktcE1zb191Z1pneVM0ZkRPZUVHeFkxLUFUb0V0c0N6WE9uZUVjS3M4ZWNtc2RRaFpFUnFiNnhFVFloRTdFMF85UngyUWZXVExiNzRsWDVKUFpwNWRNNEhVYVlvQ3Jjd1JMR3c?oc=5,Nation Thailand,google_rss,risk_off_geopolitics,macro:rates_fx->safe_haven->GOLD,unknown,unknown,False,0.45,0.45,0.55,7.102845880364408,7.102845880364408,True,True,1.17757114700911,6.28285573504555,True,False,False,"source=external;trusted=0;anchor=1;trigger=1;root=1;negative=0;noise=0;verified(1h=1,1d=1);query=gold reserve diversification central banks 2026",external
GOLD,2026-03-03T17:40:45Z,gold retreats on strong dollar delayed rate cut expectations,https://news.google.com/rss/articles/CBMirAFBVV95cUxPN0hHeS1fWTBlWEhEVjl4M1l6QWpqcUlUdTdvanlXQ21LY3B3TGhvdkhST0k4aVVKLWhLbW9qakJzQWhIVXRXamxnZE5tLTlpVk5PdWk2RkhzM0JFcGdDaHBPNk9GRllsblBlOGpBWXViRXd5UmFkdjFmQ1ZQYTUwMlBOc3ZrTnFsSnA1a0VsSDU3RmlQNUFiWmFpRGRXWENtZ3VzeDJfZDJybm1E?oc=5,KITCO,google_rss,real_yield_decline,macro:rates_fx->safe_haven->GOLD,unknown,unknown,False,0.45,0.45,0.55,1.2283220753024453,4.037537749734244,True,True,1.100938443743356,5.89969221871678,True,False,False,"source=external;trusted=0;anchor=1;trigger=1;root=1;negative=0;noise=0;verified(1h=1,1d=1);query=gold treasury yields inflation expectations 2026 Reuters",external
GOLD,2026-02-23T10:30:29Z,Is gold still a good investment at this price? Investors should assess every factor behind its rise,https://www.livemint.com/opinion/online-views/gold-price-good-investment-investors-federal-reserve-returns-uncertainty-safe-haven-rupee-11771738727206.html,Livemint,newsapi,risk_off_geopolitics,macro:rates_fx->safe_haven->GOLD,unknown,unknown,False,0.0,0.880629,0.661909,0.0,3.1826946187886627,False,True,0.6295673654697166,4.571245727348583,True,False,False,"source=internal;trusted=0;anchor=1;trigger=1;root=1;negative=0;noise=0;verified(1h=0,1d=1);query=nan",internal
GOLD,2026-03-01T10:43:33Z,"Gold, silver prices likely to soar tomorrow amid escalating Middle East war; what lies ahead?",https://economictimes.indiatimes.com/markets/commodities/news/gold-silver-prices-likely-to-soar-tomorrow-amid-escalating-middle-east-war-what-lies-ahead/articleshow/128913167.cms,The Times of India,newsapi,risk_off_geopolitics,,confirmed,cause,True,0.75,1.0,0.985539,0.0,9.056037173627857,False,True,0.75,6.872708149999999,False,True,False,"source=internal;trusted=1;anchor=1;trigger=1;root=0;negative=0;noise=0;verified(1h=0,1d=1);query=nan",internal
GOLD,2026-02-28T05:08:31Z,"Gold nears one-month high, set for seventh straight monthly rise",https://economictimes.indiatimes.com/markets/commodities/gold-nears-one-month-high-set-for-seventh-straight-monthly-rise/articleshow/128874721.cms,The Times of India,newsapi,risk_off_geopolitics,,confirmed,cause,True,0.61,1.0,0.882634,0.0,7.202023160260429,False,True,0.7300505790065108,6.447491795032554,False,True,False,"source=internal;trusted=1;anchor=1;trigger=1;root=0;negative=0;noise=0;verified(1h=0,1d=1);query=nan",internal
GOLD,2026-03-03T10:50:09Z,"Why is gold price down by 1.4% and silver by 6.5% today, and will precious metals witness rise or continue to drop? Gold, silver, platinum and palladium fall, analysts insights and market outlook explained. Here's what should investors do now",https://economictimes.indiatimes.com/news/international/us/why-is-gold-price-down-by-1-4-and-silver-by-6-5-today-and-will-precious-metals-witness-rise-or-continue-to-drop-gold-silver-platinum-and-palladium-fall-analysts-insights-and-market-outlook-explained-heres-what-should-investors-do-now/articleshow/128966066.cms,The Times of India,newsapi,transport_disruption,,confirmed,cause,True,0.6,1.0,0.950008,0.0,6.753163327353276,False,True,0.718829083183832,6.43165221591916,False,True,False,"source=internal;trusted=1;anchor=1;trigger=1;root=0;negative=0;noise=0;verified(1h=0,1d=1);query=nan",internal
GOLD,2026-03-03T18:15:00Z,"Toronto Stocks Sharply Lower as Middle East War Widens ; Oil Rises , Gold Tumbles",https://www.marketscreener.com/news/toronto-stocks-sharply-lower-as-middle-east-war-widens-oil-rises-gold-tumbles-ce7e5cd2dc8ef222,marketscreener.com,gdelt,risk_off_geopolitics,,confirmed,mixed,True,0.56,1.0,0.922727,2.063196890579504,4.037537749734244,True,True,1.100938443743356,6.41101016871678,False,True,False,"source=internal;trusted=1;anchor=1;trigger=1;root=0;negative=0;noise=0;verified(1h=1,1d=1);query=nan",internal
GOLD,2026-03-03T20:15:00Z,"Gold retreats on strong dollar , delayed rate cuts amid Iran conflict",https://www.marketscreener.com/news/gold-retreats-on-strong-dollar-delayed-rate-cuts-amid-iran-conflict-ce7e5cd2df80f322,marketscreener.com,gdelt,central_bank_dovish_shift,,confirmed,mixed,True,0.844,1.0,0.965997,0.0,4.037537749734244,False,True,0.6509384437433562,6.39058966871678,False,True,False,"source=internal;trusted=1;anchor=1;trigger=1;root=0;negative=0;noise=0;verified(1h=0,1d=1);query=nan",internal
GOLD,2026-03-05T09:45:00Z,Gold rises on Iran war safe - haven bid ; firm dollar limits upside,https://www.marketscreener.com/news/gold-rises-on-iran-war-safe-haven-bid-firm-dollar-limits-upside-ce7e5fdad088f620,marketscreener.com,gdelt,risk_off_geopolitics,,confirmed,mixed,True,0.56,1.0,0.855003,1.616880603666918,4.059785204259635,True,True,1.101494630106491,6.356225700532454,False,True,False,"source=internal;trusted=1;anchor=1;trigger=1;root=0;negative=0;noise=0;verified(1h=1,1d=1);query=nan",internal
GOLD,2026-03-02T09:49:56Z,"Gold price to double at $10,000 in next 5 years? Jefferies’ Chris Wood makes bold prediction!",https://economictimes.indiatimes.com/markets/commodities/news/gold-price-to-double-at-10000-in-next-5-years-jefferies-chris-wood-makes-bold-prediction/articleshow/128943442.cms,The Times of India,newsapi,risk_off_geopolitics,,confirmed,cause,True,0.61,1.0,0.754511,0.0,5.76690494691353,False,True,0.6941726236728383,6.159197468364191,False,True,False,"source=internal;trusted=1;anchor=1;trigger=1;root=0;negative=0;noise=0;verified(1h=0,1d=1);query=nan",internal
GOLD,2026-03-02T10:51:31Z,Gold Climbs as Middle East War Drives Demand for Safer Assets,https://financialpost.com/pmn/business-pmn/gold-climbs-as-middle-east-war-drives-demand-for-safer-assets,Financial Post,newsapi,risk_off_geopolitics,,confirmed,mixed,True,0.56,1.0,0.813221,0.0,5.76690494691353,False,True,0.6941726236728383,5.994100968364191,False,True,False,"source=internal;trusted=1;anchor=1;trigger=1;root=0;negative=0;noise=0;verified(1h=0,1d=1);query=nan",internal
GOLD,2026-02-23T11:05:53Z,"Why are gold and silver prices rising again and will precious metals continue dream run or fall back sharply? Gold and silver rise, analysts insights and market outlook explained. Here's what should investors do now",https://economictimes.indiatimes.com/news/international/us/why-are-gold-and-silver-prices-rising-again-and-will-precious-metals-continue-dream-run-or-fall-back-sharply-gold-and-silver-rise-analysts-insights-and-market-outlook-explained-heres-what-should-investors-do-now/articleshow/128710311.cms,The Times of India,newsapi,usd_weakness,,confirmed,cause,True,0.6,1.0,0.919272,0.0,3.1826946187886627,False,True,0.6295673654697166,5.959218027348582,False,True,False,"source=internal;trusted=1;anchor=1;trigger=1;root=0;negative=0;noise=0;verified(1h=0,1d=1);query=nan",internal
GOLD,2026-03-04T06:15:00Z,Gold climbs over 1 % as widening Middle East war fuels safe - haven demand,https://www.marketscreener.com/news/gold-climbs-over-1-as-widening-middle-east-war-fuels-safe-haven-demand-ce7e5cd3da88f122,marketscreener.com,gdelt,risk_off_geopolitics,,confirmed,mixed,True,0.56,1.0,0.976511,0.0,4.037537749734244,False,True,0.6509384437433562,5.91672656871678,False,True,False,"source=internal;trusted=1;anchor=1;trigger=1;root=0;negative=0;noise=0;verified(1h=0,1d=1);query=nan",internal
GOLD,2026-03-03T17:00:00Z,"Investors turn to gold , not bonds , as Iran war widens",https://www.miningmx.com/trending/64455-investors-turn-to-gold-not-bonds-as-iran-war-widens/,miningmx.com,gdelt,risk_off_geopolitics,,confirmed,cause,True,0.61,0.603738,0.476089,3.243753635671634,4.037537749734244,True,True,1.100938443743356,5.75104036871678,False,True,False,"source=internal;trusted=1;anchor=1;trigger=1;root=0;negative=0;noise=0;verified(1h=1,1d=1);query=nan",internal
GOLD,2026-03-02T10:51:31Z,"Gold pares gains as traders weigh Iran war, Fed rate outlook",https://financialpost.com/commodities/gold-climbs-war-drives-safe-assets-demand,Financial Post,newsapi,risk_off_geopolitics,,confirmed,cause,True,0.61,0.667694,0.514195,0.0,5.76690494691353,False,True,0.6941726236728383,5.539546368364191,False,True,False,"source=internal;trusted=1;anchor=1;trigger=1;root=0;negative=0;noise=0;verified(1h=0,1d=1);query=nan",internal
GOLD,2026-03-04T03:15:00Z,Gold shipments stranded in Dubai as Iran war grounds flights,https://www.mining.com/web/grounded-flights-in-middle-east-stall-gold-flows-from-dubai/,mining.com,gdelt,risk_off_geopolitics,,confirmed,cause,True,0.61,0.72606,0.565095,0.0,4.037537749734244,False,True,0.6509384437433562,5.43959796871678,False,True,False,"source=internal;trusted=1;anchor=1;trigger=1;root=0;negative=0;noise=0;verified(1h=0,1d=1);query=nan",internal
SILVER,2026-02-28T05:30:22Z,New era of trade volatility: What the court’s decision and Trump’s tariff pivot mean for commodities,https://economictimes.indiatimes.com/markets/stocks/news/new-era-of-trade-volatility-what-the-courts-decision-and-trumps-tariff-pivot-mean-for-commodities/articleshow/128875195.cms,The Times of India,newsapi,manufacturing_upturn,industrial:solar->demand->SILVER,unknown,unknown,False,0.0,0.64086,0.559834,0.0,5.195799832754557,False,True,0.679894995818864,4.986408879094319,True,True,False,"source=internal;trusted=1;anchor=0;trigger=1;root=1;negative=0;noise=0;verified(1h=0,1d=1);query=nan",internal
SILVER,2026-02-23T11:05:53Z,"Why are gold and silver prices rising again and will precious metals continue dream run or fall back sharply? Gold and silver rise, analysts insights and market outlook explained. Here's what should investors do now",https://economictimes.indiatimes.com/news/international/us/why-are-gold-and-silver-prices-rising-again-and-will-precious-metals-continue-dream-run-or-fall-back-sharply-gold-and-silver-rise-analysts-insights-and-market-outlook-explained-heres-what-should-investors-do-now/articleshow/128710311.cms,The Times of India,newsapi,usd_weakness,industrial:solar->demand->SILVER,confirmed,cause,True,0.6,1.0,0.919272,0.0,4.954286330988487,False,True,0.6738571582747123,7.03066699137356,True,True,False,"source=internal;trusted=1;anchor=1;trigger=1;root=1;negative=0;noise=0;verified(1h=0,1d=1);query=nan",internal
SILVER,2026-01-26T08:00:00Z,silver s rally may be topping as prices impact industrial demand gold shrugs off greenland deal to move above 5 000 oz heraeus,https://news.google.com/rss/articles/CBMiugFBVV95cUxNTzBidTBDVXJ4SnlRaDRJOFk2d2FWS2FYdUdfd1g4SDJlSDRIanE1ZzNZVDYxdkRtZHhacGItNEFCOU5Qa0tVZkt5RV9weEd0WnFXc1huaW03M2tsM25sVE5CUnp4eW04Qk9xdTN6VDlJcm1JeUE1dmJ2dFZDR1dJQUZxa1ptbjRfUGZHN2IxZWxycW5QZmdaSUY5M19qbXhNOWhUb202V2NCZmU4cm5YNFA3eG82TDByLUE?oc=5,KITCO,google_rss,manufacturing_upturn,industrial:solar->demand->SILVER,unknown,unknown,False,0.45,0.45,0.55,9.678693539394432,9.678693539394432,True,True,1.2,6.395,True,False,False,"source=external;trusted=0;anchor=1;trigger=1;root=1;negative=0;noise=0;verified(1h=1,1d=1);query=industrial silver demand photovoltaic 2026",external
SILVER,2026-01-28T08:00:00Z,silver price surge industrial demand drives metal rally,https://news.google.com/rss/articles/CBMijAFBVV95cUxPdFZnNjdhQ3FIdjlObHczVkxVc01NUEhia0VOWC1wQjVfUUZza2dEOFRlXzlXZU9ZRnU3MVFzTkpnM1YwTXNaOWZSRWZGWlpZWkt2MzdIUnhZMmhVOEw2Vkxmem53bGxSQzc2cE12Mzg4SzUtc1FjX0JHNkRsZjZyNXJWdkh0d0JCNWJwNw?oc=5,Discovery Alert,google_rss,manufacturing_upturn,industrial:solar->demand->SILVER,unknown,unknown,False,0.45,0.45,0.55,5.400213915363619,5.646367766172585,True,True,1.1411591941543149,6.100795970771572,True,False,False,"source=external;trusted=0;anchor=1;trigger=1;root=1;negative=0;noise=0;verified(1h=1,1d=1);query=industrial silver demand photovoltaic 2026",external
SILVER,2026-01-21T08:00:00Z,strong industrial demand supports silver in 2026,https://news.google.com/rss/articles/CBMiqAFBVV95cUxOczJnQnQ2dmVCYkxHRGpyZVFnVF82eVdYbThTdzVCUnhtam9FNmQ2bmF6LTdmVEZIbzJnVmpFOHZ1a1VHX0wyUGoxSk84MlFjUl9aRzFHZUVUSHBNY0Z1b05RaHJ1WVBpS1c3QWptd1hDSGswTGdMX1RmZjFUbXdnVFhBeGhGTTk2eFlJTWNBbXpaUm9rUmY2OUEyaG05WDdHTS1zYkpDT1g?oc=5,equiti.com,google_rss,manufacturing_upturn,industrial:solar->demand->SILVER,unknown,unknown,False,0.45,0.45,0.55,2.104368205655233,5.210117207472627,True,True,1.1302529301868156,6.046264650934078,True,False,False,"source=external;trusted=0;anchor=1;trigger=1;root=1;negative=0;noise=0;verified(1h=1,1d=1);query=industrial silver demand photovoltaic 2026",external
SILVER,2025-12-22T08:00:00Z,silver soars to unprecedented peak fueled by industrial demand and supply fears,https://news.google.com/rss/articles/CBMixgFBVV95cUxQTzF2bk5qeDg2QXVydXZRT045WUpwa2piTkh6TC11NW1NeXVKbFVUOTNDMDJDVkFQTUFmaldPeEVJc3BBTE5NTWJTV1lzdWhINkNaYmg1QURTTlNQaXNld1dXMThrdlJuRmdDYjFQTVVMcGZzSHJUN0xMVzhFSDBQUmlFSmM5aVdXRk95c1g4a3B0REdodU52MHI5NDJQd25laTFNYTlQc2pYMEVQXzZreWR0TS1aM0U0cHFEdVVIV1drWGx5d0E?oc=5,AD HOC NEWS,google_rss,manufacturing_upturn,industrial:solar->demand->SILVER,unknown,unknown,False,0.45,0.45,0.55,2.695750546761245,4.949486244058536,True,True,1.1237371561014635,6.013685780507316,True,False,False,"source=external;trusted=0;anchor=1;trigger=1;root=1;negative=0;noise=0;verified(1h=1,1d=1);query=industrial silver demand photovoltaic 2026",external
SILVER,2025-12-11T08:00:00Z,silver price rally 2026 industrial demand drives growth,https://news.google.com/rss/articles/CBMikgFBVV95cUxPeFl4TF83WFNxeGhqVVJOcVdfZm80WmZ1dWladkRoeU5UbUNiNGZXY3ZRM2Q2NEpFYjdDd2hyTmRvNktTU281ZE5mZi1xTTl3dEVIbGxMQzJkRFdxQXlEX0N1TGJVZWRvOU5PVjhqTnNIR1BwS1AyUG5fWnBfV0JoQnlTQWJ5Y2gtaHhDVlczMmk3dw?oc=5,Discovery Alert,google_rss,manufacturing_upturn,industrial:solar->demand->SILVER,unknown,unknown,False,0.45,0.45,0.55,1.3344342941119154,4.865425046328941,True,True,1.1216356261582234,6.003178130791117,True,False,False,"source=external;trusted=0;anchor=1;trigger=1;root=1;negative=0;noise=0;verified(1h=1,1d=1);query=industrial silver demand photovoltaic 2026",external
SILVER,2026-03-01T10:43:33Z,"Gold, silver prices likely to soar tomorrow amid escalating Middle East war; what lies ahead?",https://economictimes.indiatimes.com/markets/commodities/news/gold-silver-prices-likely-to-soar-tomorrow-amid-escalating-middle-east-war-what-lies-ahead/articleshow/128913167.cms,The Times of India,newsapi,risk_off_geopolitics,,confirmed,cause,True,0.75,1.0,0.985539,0.0,9.542143339346488,False,True,0.75,6.222708149999999,False,True,False,"source=internal;trusted=1;anchor=1;trigger=0;root=0;negative=0;noise=0;verified(1h=0,1d=1);query=nan",internal
SILVER,2026-03-02T09:46:13Z,"Why are gold and silver prices rising now, and will gold surge to $6,000 and silver to $200? Gold and silver climb, analysts insights and market outlook explained. Here's what should investors do now",https://economictimes.indiatimes.com/news/international/us/why-are-gold-and-silver-prices-rising-now-and-will-gold-surge-to-6000-and-silver-to-200-gold-and-silver-climb-analysts-insights-and-market-outlook-explained-heres-what-should-investors-do-now/articleshow/128942931.cms,The Times of India,newsapi,risk_off_geopolitics,,confirmed,mixed,True,0.56,1.0,0.940436,0.0,5.968193464648467,False,True,0.6992048366162117,5.477394783081058,False,True,False,"source=internal;trusted=1;anchor=1;trigger=0;root=0;negative=0;noise=0;verified(1h=0,1d=1);query=nan",internal
SILVER,2026-03-03T10:50:09Z,"Why is gold price down by 1.4% and silver by 6.5% today, and will precious metals witness rise or continue to drop? Gold, silver, platinum and palladium fall, analysts insights and market outlook explained. Here's what should investors do now",https://economictimes.indiatimes.com/news/international/us/why-is-gold-price-down-by-1-4-and-silver-by-6-5-today-and-will-precious-metals-witness-rise-or-continue-to-drop-gold-silver-platinum-and-palladium-fall-analysts-insights-and-market-outlook-explained-heres-what-should-investors-do-now/articleshow/128966066.cms,The Times of India,newsapi,transport_disruption,,confirmed,cause,True,0.6,1.0,0.950008,0.0,4.150291489837854,False,True,0.6537572872459464,5.456293236229731,False,True,False,"source=internal;trusted=1;anchor=1;trigger=0;root=0;negative=0;noise=0;verified(1h=0,1d=1);query=nan",internal
SILVER,2026-02-19T08:00:00Z,solar industry accelerates shift from silver as costs soar,https://news.google.com/rss/articles/CBMitwFBVV95cUxQLTViR1B4cE14X2dKY0xxdFJXWmtNM1IwMEI1QWxGOG84cjdMVUU5TU5SeVlCSGEyQzRIenpzVHE4NUlZMHpZYkE0ejhlb2cxVmFscEtiM3gza2doaklZb3ZqWmNhRDJvMFhyT3U3enFLUmJCV3pJUEhLaE1iZWdQNFhzeFJSQjlEQkZ3TDFGdy0xVUdfTXZlbDZSYUFLVHYxcTRPa0VMQi1zdk8zZnhRRkxRc25lMkE?oc=5,Reuters,google_rss,,,unknown,unknown,False,0.45,0.45,0.55,3.986299665199537,4.13349198105295,True,True,1.1033372995263238,4.861686497631618,False,True,False,"source=external;trusted=1;anchor=1;trigger=1;root=0;negative=0;noise=0;verified(1h=1,1d=1);query=silver solar demand deficit 2026 Reuters",external
SILVER,2026-02-05T08:00:00Z,equities sink in extended ai rout bond yields dip silver savaged,https://news.google.com/rss/articles/CBMilAFBVV95cUxPQ0REb3NYTDI0Q2hsREcyMFlmaEUyUnRZdS11ZHVLXzVPYzRwTmZiMm9yZVZ2S0IzazJIbWtHbnlhc3FWbVRlQW9fMkY0Y1VQU1doQy1mZG04cmMySjh4V1dqY19JelpxZEJTUzNmOVVYcmF3dEdHbnFrNWo2NWxOZmFyc1BUZ3J5U3BjM3ZoYnZUenN0?oc=5,Reuters,google_rss,,,unknown,unknown,False,0.45,0.45,0.55,9.077226241893923,9.077226241893923,True,True,1.2,4.694999999999999,False,True,False,"source=external;trusted=1;anchor=1;trigger=0;root=0;negative=0;noise=0;verified(1h=1,1d=1);query=gold treasury yields inflation expectations 2026 Reuters",external
SILVER,2026-02-10T08:00:00Z,rising investment to keep global silver demand steady in 2026 silver institute says,https://news.google.com/rss/articles/CBMiwwFBVV95cUxObUZtcXVYSTByMG1IbDdERlNFTm9xODhoU2xKY1k4cFdPLVBycDNVVVdXdTdrdkhDRWZYYV92RFZRbmRfMHBTMHVDTU5YUHNJNjA0WjQ2TV84XzhzUEFkd3pvUWJFVE5sSUFSNVBYeHNnX3hUWWtPQVU3aTBGZzhRRWNGOTJLMmJ6OWh3QnJJeHNBcUV4aEVEa25oLUt1dmlhNnVpVnRoZHF3YmREYWctaGJ4SUlDZ2NaRl9MSURVZXJfNzA?oc=5,Reuters,google_rss,,,unknown,unknown,False,0.45,0.45,0.55,7.136158123471235,7.136158123471235,True,True,1.178403953086781,4.587019765433904,False,True,False,"source=external;trusted=1;anchor=1;trigger=0;root=0;negative=0;noise=0;verified(1h=1,1d=1);query=silver mine supply disruption 2026 Reuters",external
SILVER,2026-01-19T08:00:00Z,gold and silver hit record highs as greenland dispute spurs safe haven buying,https://news.google.com/rss/articles/CBMivAFBVV95cUxQTmdsSklxNkhncmFuc2lITjRjX1NqNVlnWnRuUnhDYUF5TnlxbXVoa1JJc1pnU1BhR1FHSmZmcDZyQUVFQnFhTlJfcWNVc25EM1lQUm5CelpkdGxYNGVWX0dQM2lVeFhfTVdHVVRiUFVXdXdIQzRlYlJBYUszWEM2SXdQOGl6MTNPcl8tWVdwNGhod205YWU5UTNzU0RWTGFmQW5ZaUxQbG1WVUdUR19FWGRoXzk1QmlJRDVHYw?oc=5,Reuters,google_rss,,,unknown,unknown,False,0.45,0.45,0.55,6.781545766685723,6.781545766685723,True,True,1.1695386441671431,4.542693220835715,False,True,False,"source=external;trusted=1;anchor=1;trigger=0;root=0;negative=0;noise=0;verified(1h=1,1d=1);query=gold real yields central bank buying 2026 Reuters",external
SILVER,2026-02-23T10:12:09Z,"Gold, silver and copper turn volatile after record highs: Expert explains what’s next? | Trending Commodity Podcast | EP 07",https://www.thehindubusinessline.com/multimedia/audio/gold-silver-and-copper-turn-volatile-after-record-highs/article70666548.ece,BusinessLine,newsapi,,,unknown,unknown,False,0.0,1.0,0.881848,2.03728201992863,4.954286330988487,True,True,1.123857158274712,4.51885659137356,False,True,False,"source=internal;trusted=1;anchor=1;trigger=0;root=0;negative=0;noise=0;verified(1h=1,1d=1);query=nan",internal
SILVER,2026-01-30T08:00:00Z,gold set for steepest daily drop since 1983 silver eyes worst day ever,https://news.google.com/rss/articles/CBMinwFBVV95cUxPeDU0SWprRnpZOC1fcUhmNEU1YmhsSkVCOFV4OFFfMEp6YW4yNW9KVUVKTHZkRldrd29uMG1QLVVYZ0FWaWVRaHVoNS1SZ1FiNHpSajRYQ2NLNWJKVlRsX0RnbHljN3JKZmt0VmkycTJWeXlNTUprU2V1TnpzNzU3TTU2OUZkMGphUWRLRHNRUmVzdGEwaVJ0djZud1ZZZEU?oc=5,Reuters,google_rss,,,unknown,unknown,False,0.45,0.45,0.55,6.030119621003437,6.030119621003437,True,True,1.150752990525086,4.448764952625429,False,True,False,"source=external;trusted=1;anchor=1;trigger=0;root=0;negative=0;noise=0;verified(1h=1,1d=1);query=gold real yields central bank buying 2026 Reuters",external
SILVER,2026-01-30T08:00:00Z,tsx crashes over 3 as gold silver lose sheen,https://news.google.com/rss/articles/CBMiugFBVV95cUxOWHhkRE9OTFI4cWRtaktFYWM4MEsyRnV6RE9iXzdqQ2NiS0wwTmZwOVJUcC1OZHhlTXVwSnU4TjA2Z193Q1ZYdE5OMmVpYlFkTV9nbU1MMGdfbUpfUk1UNVhfZ3NfMEc4OElHSENwNlRqUTdydVcyTGc1N1NYOUNpbkdpLXdZbTU3bkM1VmxjWFJ4S182SEtOZkRidEljZnFSaldLTWZ6MzZEMkgwVlJuTXlsQmswSHJCWFE?oc=5,Reuters,google_rss,,,unknown,unknown,False,0.45,0.45,0.55,6.030119621003437,6.030119621003437,True,True,1.150752990525086,4.448764952625429,False,True,False,"source=external;trusted=1;anchor=1;trigger=0;root=0;negative=0;noise=0;verified(1h=1,1d=1);query=silver mine supply disruption 2026 Reuters",external
SILVER,2025-12-30T08:00:00Z,silver shines in 2025 global market spotlight as softs oil lag,https://news.google.com/rss/articles/CBMirAFBVV95cUxPYjZxOGNFUGtteC1ZbGRya1hMM2g0SmsyT2Rnd191NWl3dFRYYUZyS1IxS0NHZXU5NlFOcGhaZTJxZF9mM3NjcWl5dWQ3dWItdWhtRk5EeXdxbWNDUjY4dkhKeFUtWHlOdmdRbGN0dzZsMGxoVVJsMk9RMzZEZ0lBcy04VWlMSFhxZDRoRGYyVjlBelIybUxkQmxDV0psdUlQcGJ2TjV5SEVuQzZY?oc=5,Reuters,google_rss,,,unknown,unknown,False,0.45,0.45,0.55,6.03002070504153,6.03002070504153,True,True,1.1507505176260382,4.448752588130191,False,True,False,"source=external;trusted=1;anchor=1;trigger=0;root=0;negative=0;noise=0;verified(1h=1,1d=1);query=silver mine supply disruption 2026 Reuters",external
SILVER,2025-12-30T08:00:00Z,china names companies allowed to export silver over 2026 2027,https://news.google.com/rss/articles/CBMiswFBVV95cUxPMm1YaERWNU5UYlJlODIwV0xRS0tUcktndm4wbm1QUVVTazRIZmpmMnBtSmY2cXZldExpR2Y0RjBzd2xDWkQzaVYwcm1hTzl4Z1VTbERNYXhfbDVrN3JVdFhjMUtJWHNadVJ0YlFCSzhrX240WXlQRld5UTZ4UU1vNzdHVXRaMjFFaWJpX0djVVAyUk9wTVZmVWxuZlh5OFQ4cS1yWjBUZkNjeHp3MGNKSE1mNA?oc=5,Reuters,google_rss,,,unknown,unknown,False,0.45,0.45,0.55,6.03002070504153,6.03002070504153,True,True,1.1507505176260382,4.448752588130191,False,True,False,"source=external;trusted=1;anchor=1;trigger=0;root=0;negative=0;noise=0;verified(1h=1,1d=1);query=silver mine supply disruption 2026 Reuters",external
SILVER,2026-01-29T08:00:00Z,the trump and china metals rally extends beyond gold and silver,https://news.google.com/rss/articles/CBMiqwFBVV95cUxPWnJnZmV0VkN4aVBOTlRKVkY0aHpqYTdabnNEdzR2WU8yMDFZcnhQZkRNN0FTLWRPWk02ajhSbnBNUmQwNzNaYWVrWnp1eVhCMEJaMElXcVJ0c1dpYmZGeFBGWHV0V1lXdFVuVk9tcHhxRHZJVTVVUXlUTERJMDVLNjlmTnRrRGJNNmZJV215UnFYa2M4aFFMOGlWcjVpaDFxRHpJZG90SjVzalE?oc=5,Reuters,google_rss,,,unknown,unknown,False,0.45,0.45,0.55,1.7139449137966736,6.029281526819404,True,True,1.150732038170485,4.448660190852425,False,True,False,"source=external;trusted=1;anchor=1;trigger=0;root=0;negative=0;noise=0;verified(1h=1,1d=1);query=silver solar demand deficit 2026 Reuters",external
PLATINUM,2026-03-02T12:52:54Z,the stunning rebound of south africa s pgm producers,https://news.google.com/rss/articles/CBMimAFBVV95cUxNWTVzLVNhd012d1JjLWR6MzIyZUpOVW9HQmRBb05BamtMQUJCckVXU1ZxY094SlQ0M3V1Vk5YdHRCSjh0YnJHWlBqdERhRkdkRFFTdVUzbkVMa2dzb0U4U3RzVXJaTjBDdExpOThFSnAwdW0zNWQ4OWNSWGIya3BfMV9zNjNPZDVocXNBT1kybXJrZFAxS2tRbA?oc=5,Miningmx,google_rss,pgm_mine_disruption,producer:south_africa->pgm_supply->PLATINUM,unknown,unknown,False,0.45,0.45,0.55,0.0,7.506383190143614,False,True,0.7376595797535904,6.143297898767951,True,True,False,"source=external;trusted=1;anchor=1;trigger=1;root=1;negative=0;noise=0;verified(1h=0,1d=1);query=PGM producer output South Africa 2026",external
PLATINUM,2026-02-03T08:00:00Z,happy days return for south africa s platinum industry,https://news.google.com/rss/articles/CBMioAFBVV95cUxQMzcyOTgtV0dJQ3FtdE14cTVYM3JyQ2dsejQ5WlJTbWNHU25oUm5KMG5CWXVLa2dDbHJZVkNLY00tb200aTVid2NReGVBNERXREt6TzEyWlVBajg5cVVSWU1EaUFqMVM0dVJ5T2hKT0VfRnB4UWRXYVJTVV9SQVBjaTJuUHBaYnN2S0Z1M09SYW5hb1dJWVZjWTlLZ25VM1ZJ?oc=5,Miningmx,google_rss,pgm_mine_disruption,producer:south_africa->pgm_supply->PLATINUM,unknown,unknown,False,0.45,0.45,0.55,2.5977803160280697,2.959361760300822,True,True,1.0739840440075206,6.114920220037602,True,True,False,"source=external;trusted=1;anchor=1;trigger=1;root=1;negative=0;noise=0;verified(1h=1,1d=1);query=South Africa palladium mine output 2025 Reuters",external
PLATINUM,2026-03-02T13:15:00Z,The stunning rebound of South Africa PGM producers,https://www.miningmx.com/top-story/64444-the-stunning-rebound-of-south-africas-pgm-producers/,miningmx.com,gdelt,pgm_mine_disruption,producer:south_africa->pgm_supply->PLATINUM,unknown,unknown,False,0.0,0.1,0.35,0.0,7.506383190143614,False,True,0.7376595797535904,4.770797898767952,True,True,False,"source=internal;trusted=1;anchor=1;trigger=1;root=1;negative=0;noise=0;verified(1h=0,1d=1);query=nan",internal
PLATINUM,2026-02-03T08:15:00Z,Happy days return for South Africa platinum industry,https://www.miningmx.com/top-story/63885-happy-days-return-for-south-africas-platinum-industry/,miningmx.com,gdelt,pgm_mine_disruption,producer:south_africa->pgm_supply->PLATINUM,unknown,unknown,False,0.0,0.1,0.35,2.5977803160280697,2.959361760300822,True,True,1.0739840440075206,4.742420220037602,True,True,False,"source=internal;trusted=1;anchor=1;trigger=1;root=1;negative=0;noise=0;verified(1h=1,1d=1);query=nan",internal
PLATINUM,2026-01-19T08:00:00Z,platinum group metals green hydrogen production and economic development in south africa,https://news.google.com/rss/articles/CBMirgFBVV95cUxNT0JQY3hEZkxmZ051ZjkyU1pwVllidnYxczg4MGZMLWhKTWZmMlQ1V3hRS1pEdXZ1WVlubDB3WWJsdGxfLS1CLWhSaEptZ0ZhVnN6VVZPSUxiajNpTjRwbFphNWpYcF9CcVJLRlF3NDg4alowOFdqWTNDTzdLX291c0J6UDZVNGRqcldBZVNFUVZSOUF2QmlMVEx3OXVmVmNEQTZDSUpUdHlvQlFZS3c?oc=5,APRI – Africa Policy Research Institute,google_rss,pgm_mine_disruption,producer:south_africa->pgm_supply->PLATINUM,unknown,unknown,False,0.45,0.45,0.55,8.890248608200528,8.890248608200528,True,True,1.2,6.395,True,False,False,"source=external;trusted=0;anchor=1;trigger=1;root=1;negative=0;noise=0;verified(1h=1,1d=1);query=PGM producer output South Africa 2026",external
PLATINUM,2026-01-13T08:00:00Z,rising platinum prices signal stabilisation for south africa s electricity intensive mining sector,https://news.google.com/rss/articles/CBMiwwFBVV95cUxQY18ydnZVeXlDbFQyS2R2Q214U0NsV3h3UzlNZC1JUHRPT2Q3RFNFaFJnTlFienlYakVhTkp4UmE5UVJtVFJXZEt6ZTd5UW1wRHBvUGlLNS1faUVZc0JRcUluZEVYb1JDWUI5VWphSW1Vb08wcVFOV3E5M1N0bjU1amJoV3FJMUhlVUJCcUF4RVlpQ1RwblQ0RVdZWHZBTWkyQVlMYkJVdFp1WDhRejk3RDZxMUZHNUJTSTFzYjZhTjFiZTg?oc=5,energize.co.za,google_rss,pgm_mine_disruption,producer:south_africa->pgm_supply->PLATINUM,unknown,unknown,False,0.45,0.45,0.55,3.2817785400866977,4.554935644565524,True,True,1.113873391114138,5.96436695557069,True,False,False,"source=external;trusted=0;anchor=1;trigger=1;root=1;negative=0;noise=0;verified(1h=1,1d=1);query=PGM producer output South Africa 2026",external
PLATINUM,2026-02-17T02:45:00Z,Terra Metals extends Southwest PGM – Cu – Ni system to at least 850m strike with new SW6 assays,https://www.proactiveinvestors.com.au/companies/news/1087439/terra-metals-extends-southwest-pgm-cu-ni-system-to-at-least-850m-strike-with-new-sw6-assays-1087439.html,proactiveinvestors.com.au,gdelt,producer_outage,producer->flow:supply->commodity,unknown,unknown,False,0.0,0.1,0.35,0.0,8.143453074843277,False,True,0.75,3.832500000000001,True,False,False,"source=internal;trusted=0;anchor=1;trigger=0;root=1;negative=0;noise=0;verified(1h=0,1d=1);query=nan",internal
PLATINUM,2026-03-03T10:50:09Z,"Why is gold price down by 1.4% and silver by 6.5% today, and will precious metals witness rise or continue to drop? Gold, silver, platinum and palladium fall, analysts insights and market outlook explained. Here's what should investors do now",https://economictimes.indiatimes.com/news/international/us/why-is-gold-price-down-by-1-4-and-silver-by-6-5-today-and-will-precious-metals-witness-rise-or-continue-to-drop-gold-silver-platinum-and-palladium-fall-analysts-insights-and-market-outlook-explained-heres-what-should-investors-do-now/articleshow/128966066.cms,The Times of India,newsapi,transport_disruption,,confirmed,cause,True,0.6,1.0,0.950008,1.451581777025426,3.481989048134109,True,True,1.0870497262033527,5.912755431016763,False,True,False,"source=internal;trusted=1;anchor=1;trigger=0;root=0;negative=0;noise=0;verified(1h=1,1d=1);query=nan",internal
PLATINUM,2026-02-09T08:00:00Z,sibanye expects short term platinum price volatility but return to previous lows unlikely,https://news.google.com/rss/articles/CBMivwFBVV95cUxNQTlnOFdYdl8tU1BsaHFwWThJQklWdWd1QXZnUnlyUEo4NjlXWFh4QllTaTBBMUQ5RjFMVHphTDlFa0ROeTBaWUI0bTNMWUxkbS1wLVlDWHhsZkpZWW5vZGotcWd2NFNwT18yRWlHMmlKeWVaOWZLT3VhelNBYlQ1Znhkanp5ZG1fc3pYTV9Vb3FlVzRwXzdLWktDUjZLVU54R0ZmZVFVbW0wYTdBSnplZGVxcHQ4NDZqVW16RV9KZw?oc=5,Reuters,google_rss,,,unknown,unknown,False,0.45,0.45,0.55,8.190203888940385,8.190203888940385,True,True,1.2,4.694999999999999,False,True,False,"source=external;trusted=1;anchor=1;trigger=0;root=0;negative=0;noise=0;verified(1h=1,1d=1);query=South Africa palladium mine output 2025 Reuters",external
PLATINUM,2026-01-30T08:00:00Z,impala platinum posts flat half year refined output revenue surges on higher prices,https://news.google.com/rss/articles/CBMitwFBVV95cUxOc0NlQ3o1M1NXMDJDbXFvYkhOSkpPekg4MUJkRHNMc1QybkstVXJmVHFsTEswWXZTV1NrNmlOUWtJcUc1RHowTEd1eUJlai1zaTdobUhCUEZ4X1ByMWVHdVR6b2l6VFc4YWRxR3YzM1ZiUE9nYkJrVkZrdnNsbmw4dTliRExUdjJxcXFhMGZqN0VZcnczMWZfVkJiUkVNWk9VT2dORTNkd2t4MHh2Xy1SdUZaYnhYM1E?oc=5,CNBC Africa,google_rss,,,unknown,unknown,False,0.45,0.45,0.55,5.702502575681666,5.702502575681666,True,True,1.1425625643920416,4.407812821960208,False,True,False,"source=external;trusted=1;anchor=1;trigger=0;root=0;negative=0;noise=0;verified(1h=1,1d=1);query=South Africa palladium mine output 2025 Reuters",external
PLATINUM,2026-02-11T08:00:00Z,platinum miners favour payouts over projects even as prices surge,https://news.google.com/rss/articles/CBMi1AFBVV95cUxNYU9kX1JHeFFwbGNSZmxWdWM0dlBHWFhZMGZSd0tIUkN5WWNKX2NLRDhJaGx0R0U5M1FhcmZSQ1N2d0htbWV6cGd3b0N3YUVrU2ZzWU1ISXZ0YzdSejM3RGxsYjFfRFVsSUFyblBVVVp4aG82N1dUbU5DTW5UcUh2VUdxYjVMR2pKVmg4N0MxTDFDUHBwYmpFVXRBVXJINkIyVWZENVc2VHZBWUVoRWtkbUcwbjFmYWNIT2syXzNobTQxcnJtMjRHc1JDT0dpZ2w1OFFHSQ?oc=5,Reuters,google_rss,,,unknown,unknown,False,0.45,0.45,0.55,5.4840502180861765,5.4840502180861765,True,True,1.1371012554521545,4.380506277260771,False,True,False,"source=external;trusted=1;anchor=1;trigger=0;root=0;negative=0;noise=0;verified(1h=1,1d=1);query=platinum mine South Africa outage 2026 Reuters",external
PLATINUM,2026-03-05T05:35:00Z,impala platinum cool on new projects despite price rally,https://news.google.com/rss/articles/CBMisgFBVV95cUxOdkd1eVhWLVdMenh3Ym9Lb2lWMzZkWkQ1c3h1VUo2Z3dPMGlnajlxa1FCa3JZdUloQWp3XzA1bXZ5V3UxWk9lYUxUbGllZGdIVWkxWTFscWtNZGhCRkZOMkdVZ2t6UjQ4dFlkSjZtTzg5VjlOOUVzV0pNTUtIUjQ5Z3ljcGRVcjB3UlN4ZERkajNGRWtUbzRlbWs4c1NwYlpzeXZPS1RiV2tsaTVZNElFT2hR?oc=5,Reuters,google_rss,,,unknown,unknown,False,0.45,0.45,0.55,0.0,2.805642058060817,False,True,0.6201410514515204,3.505705257257602,False,True,False,"source=external;trusted=1;anchor=1;trigger=0;root=0;negative=0;noise=0;verified(1h=0,1d=1);query=South Africa palladium mine output 2025 Reuters",external
PLATINUM,2026-02-03T18:15:00Z,Court rules Zimplats not liable for platinum royalty,https://www.miningmx.com/trending/63916-court-rules-zimplats-not-liable-for-platinum-royalty/,miningmx.com,gdelt,,,unknown,unknown,False,0.0,0.1,0.35,1.767018516359417,3.982871263375857,True,True,1.0995717815843964,2.820358907921982,False,True,False,"source=internal;trusted=1;anchor=1;trigger=0;root=0;negative=0;noise=0;verified(1h=1,1d=1);query=nan",internal
PLATINUM,2026-02-27T06:15:00Z,Northam Platinum profit surges on higher metal prices ; dividend up,https://www.marketscreener.com/news/northam-platinum-s-profit-surges-on-higher-metal-prices-dividend-up-ce7e5cdedb8cf620,marketscreener.com,gdelt,,,unknown,unknown,False,0.0,0.1,0.35,0.0,8.996489313859701,False,True,0.75,2.7825,False,True,False,"source=internal;trusted=1;anchor=1;trigger=0;root=0;negative=0;noise=0;verified(1h=0,1d=1);query=nan",internal
PLATINUM,2026-02-27T06:00:00Z,Northam Platinum half - year profit soars on higher metal prices,https://www.marketscreener.com/news/northam-platinum-half-year-profit-soars-on-higher-metal-prices-ce7e5cdedb8bf024,marketscreener.com,gdelt,,,unknown,unknown,False,0.0,0.1,0.35,0.0,8.996489313859701,False,True,0.75,2.7825,False,True,False,"source=internal;trusted=1;anchor=1;trigger=0;root=0;negative=0;noise=0;verified(1h=0,1d=1);query=nan",internal
PLATINUM,2025-12-25T14:15:00Z,"China Guangzhou Futures Exchange to adjust platinum , palladium trading limits",https://www.marketscreener.com/news/china-s-guangzhou-futures-exchange-to-adjust-platinum-palladium-trading-limits-ce7e59dadf81f325,marketscreener.com,gdelt,,,unknown,unknown,False,0.0,0.1,0.35,0.0,9.52101142872876,False,True,0.75,2.7825,False,True,False,"source=internal;trusted=1;anchor=1;trigger=0;root=0;negative=0;noise=0;verified(1h=0,1d=1);query=nan",internal
PLATINUM,2026-02-03T08:15:00Z,Impala Platinum expects five - fold profit surge on higher metal prices,https://www.marketscreener.com/news/impala-platinum-expects-five-fold-profit-surge-on-higher-metal-prices-ce7e5bd2de8bfe24,marketscreener.com,gdelt,,,unknown,unknown,False,0.0,0.1,0.35,2.5977803160280697,2.959361760300822,True,True,1.0739840440075206,2.692420220037603,False,True,False,"source=internal;trusted=1;anchor=1;trigger=0;root=0;negative=0;noise=0;verified(1h=1,1d=1);query=nan",internal
PLATINUM,2026-03-05T09:45:00Z,Impala Platinum boosts dividend after five - fold profit increase,https://www.cnbcafrica.com/2026/impala-platinum-boosts-dividend-after-five-fold-profit-increase,cnbcafrica.com,gdelt,,,unknown,unknown,False,0.0,0.1,0.35,1.8956655324546472,2.805642058060817,True,True,1.0701410514515204,2.673205257257602,False,True,False,"source=internal;trusted=1;anchor=1;trigger=0;root=0;negative=0;noise=0;verified(1h=1,1d=1);query=nan",internal
PLATINUM,2026-02-27T13:30:00Z,Zimbabwe Owes Valterra Platinum $100 Million in Unpaid Export Proceeds,https://allafrica.com/stories/202602270316.html,allafrica.com,gdelt,,,unknown,unknown,False,0.0,0.1,0.35,0.0,4.446914848369393,False,True,0.6611728712092348,2.338364356046174,False,True,False,"source=internal;trusted=1;anchor=1;trigger=0;root=0;negative=0;noise=0;verified(1h=0,1d=1);query=nan",internal
PLATINUM,2026-02-09T08:00:00Z,valore metals aiming to fill massive supply gap for platinum palladium,https://news.google.com/rss/articles/CBMiqAFBVV95cUxQWE5xa0k3b2paNS1TN1MyZE1CbmU2VVhOVEFyNURrTFhXTGNmakhzQTlZLVN6Rm9RYjkySEI1WG1kUXFYekM4YTFQdDB5ZzNiT2RFZXVVVHVvWEZ3el9teE9SOUlBcDFKMlRVRkk4TG9IaWstb2w2cGd1RnlxUEltWndfUmxrb1FjUFBFSnJBWVM5UU1UUWZnWjdVTnMzV1ZqSEJfRFE5Y0s?oc=5,Crux Investor,google_rss,,,unknown,unknown,False,0.45,0.45,0.55,8.190203888940385,8.190203888940385,True,True,1.2,4.995,False,False,False,"source=external;trusted=0;anchor=1;trigger=1;root=0;negative=0;noise=0;verified(1h=1,1d=1);query=palladium mine supply disruption 2026",external
PALLADIUM,2026-02-13T08:00:00Z,us commerce dept gives initial backing to sibanye stillwater s call for tariffs on russian palladium,https://news.google.com/rss/articles/CBMixwFBVV95cUxOcnZuLTZtQW50WV9iWFlud0xTd0ZkaF9acGJuZ0ZJT3dtVFg1V3kyd0JtbDNNRVo3OGF3dGMxbnFTVFpZZzlOeVRRUy15TkRyQzFXRm9SSGE1bC1NSTNobERHcEFJZVhhSTJQVnZSWV9tQkZsdlI3UEZ5QkhQZnNSX0lQdGlrZy1xSUhOVjk4ZGFvckctV0ZWMVBZTUNaQkVuTVVoQTVtdWRyTFVCaGFncDhWdTZQX012elRreEp4MUV1ZnZkT0kw?oc=5,Reuters,google_rss,russian_palladium_supply_risk,producer:russia->palladium_supply->PALLADIUM,unknown,unknown,False,0.45,0.45,0.55,2.895330277364054,3.5769912234327443,True,True,1.0894247805858186,6.192123902929092,True,True,False,"source=external;trusted=1;anchor=1;trigger=1;root=1;negative=0;noise=0;verified(1h=1,1d=1);query=palladium tariff Russia 2026 Reuters",external
PALLADIUM,2026-02-17T08:00:00Z,us duties on russian palladium 132 83 rate set,https://news.google.com/rss/articles/CBMilgFBVV95cUxOVUpVRmN4eEE3a0tWalRKaUpLUmFyaF9fQlhlT196dTFzQ1d2RjNieEkxcmxVSWN6OEhhQUpvZWl5VERkZ1FDZThlbEd2UGJ6ODZtS05iVzRhYmhiV3psVHZUNnZkZDI1NHVvd1BKSllwZ0NWdFYzeXpfalRPWlNSQ1VkSUxuU3I4Qlo4dGt6UDdmSHBwV1E?oc=5,Discovery Alert,google_rss,russian_palladium_supply_risk,producer:russia->palladium_supply->PALLADIUM,unknown,unknown,False,0.45,0.45,0.55,7.627765689026755,7.627765689026755,True,True,1.190694142225669,6.348470711128344,True,False,False,"source=external;trusted=0;anchor=1;trigger=1;root=1;negative=0;noise=0;verified(1h=1,1d=1);query=palladium mine supply disruption 2026",external
PALLADIUM,2026-03-02T18:45:00Z,Daines tours Stillwater Mine as tariff on Russian palladium boosts outlook,https://www.kxlf.com/news/montana-news/daines-tours-stillwater-mine-as-tariff-on-russian-palladium-boosts-outlook-on-industry,kxlf.com,gdelt,russian_palladium_supply_risk,producer:russia->palladium_supply->PALLADIUM,unknown,unknown,False,0.0,0.1,0.35,2.958526632187001,9.277768552452809,True,True,1.2,5.0225,True,False,False,"source=internal;trusted=0;anchor=1;trigger=1;root=1;negative=0;noise=0;verified(1h=1,1d=1);query=nan",internal
PALLADIUM,2026-03-02T04:45:00Z,Burgum and Zinke in Butte Talking Russian Palladium Tariffs,https://kmmsam.com/ixp/990/p/zinke-burgum-in-butte/,kmmsam.com,gdelt,russian_palladium_supply_risk,producer:russia->palladium_supply->PALLADIUM,unknown,unknown,False,0.0,0.1,0.35,0.0,9.277768552452809,False,True,0.75,4.4825,True,False,False,"source=internal;trusted=0;anchor=1;trigger=1;root=1;negative=0;noise=0;verified(1h=0,1d=1);query=nan",internal
PALLADIUM,2026-02-21T02:15:00Z,U . S . introduces tariff on palladium from Russia,https://www.ypradio.org/government-politics/2026-02-20/u-s-introduces-tariff-on-palladium-from-russia,ypradio.org,gdelt,russian_palladium_supply_risk,producer:russia->palladium_supply->PALLADIUM,unknown,unknown,False,0.0,0.1,0.35,0.0,9.263663218679657,False,True,0.75,4.4825,True,False,False,"source=internal;trusted=0;anchor=1;trigger=1;root=1;negative=0;noise=0;verified(1h=0,1d=1);query=nan",internal
PALLADIUM,2026-02-16T17:00:00Z,US to slap duties on palladium imports from Russia,https://www.miningmx.com/news/platinum/64141-us-to-slap-duties-on-palladium-imports-from-russia/,miningmx.com,gdelt,,,unknown,unknown,False,0.0,0.1,0.35,1.6254030280965228,7.627765689026755,True,True,1.190694142225669,3.2759707111283447,False,True,False,"source=internal;trusted=1;anchor=1;trigger=0;root=0;negative=0;noise=0;verified(1h=1,1d=1);query=nan",internal
PALLADIUM,2026-02-09T08:00:00Z,valore metals aiming to fill massive supply gap for platinum palladium,https://news.google.com/rss/articles/CBMiqAFBVV95cUxQWE5xa0k3b2paNS1TN1MyZE1CbmU2VVhOVEFyNURrTFhXTGNmakhzQTlZLVN6Rm9RYjkySEI1WG1kUXFYekM4YTFQdDB5ZzNiT2RFZXVVVHVvWEZ3el9teE9SOUlBcDFKMlRVRkk4TG9IaWstb2w2cGd1RnlxUEltWndfUmxrb1FjUFBFSnJBWVM5UU1UUWZnWjdVTnMzV1ZqSEJfRFE5Y0s?oc=5,Crux Investor,google_rss,,,unknown,unknown,False,0.45,0.45,0.55,6.508329278423975,6.508329278423975,True,True,1.1627082319605997,4.808541159802997,False,False,False,"source=external;trusted=0;anchor=1;trigger=1;root=0;negative=0;noise=0;verified(1h=1,1d=1);query=palladium mine supply disruption 2026",external
PALLADIUM,2026-01-12T08:00:00Z,palladium climbs over 3 on 2026 demand outlook,https://news.google.com/rss/articles/CBMiqAFBVV95cUxQY1dWSG9MYlo0clpZNTQxb2JYU1R5SC1OT1dsUlNaaGdkV1c4UWJqS0M3TnhRM2dkYkItT0hZdlk2dlRBVVozNmx3Z0xodXpUeERLSG9IQjFEdzBONmNNUGlVeXhwSWJ2dl91WEtCNWNnSV9oSFVPUjlWUEw0UkU1ekZPbW9helJXc3NKbjNwemxud2MtYm5NdkxiMmZTdzJabkg0Y0MzUHQ?oc=5,Economies.com,google_rss,,,unknown,unknown,False,0.45,0.45,0.55,7.544940770784395,7.544940770784395,True,True,1.18862351926961,4.288117596348049,False,False,False,"source=external;trusted=0;anchor=1;trigger=0;root=0;negative=0;noise=0;verified(1h=1,1d=1);query=palladium mine supply disruption 2026",external
PALLADIUM,2026-01-05T22:20:09Z,palladium private maleny 2026 palladium mine trends,https://news.google.com/rss/articles/CBMihwFBVV95cUxQajFpQU1HU0EwbU15SExlX3psNFJrRWpwMEVWcnAxUEJnZktVVVVRdTBxZWZHTDFkN2tVQ0NmZndWaXlERkVJelYtLXFreVVkUVc3am9ZeXBJdW13WUwxSGxqMnZMenVqTkNjM0Z0bjRTZmU5YXluVmpQUGJxdFFCMHdOemF6bW8?oc=5,Farmonaut,google_rss,,,unknown,unknown,False,0.45,0.45,0.55,0.0,3.67265064460366,False,True,0.6418162661150916,3.9140813305754576,False,False,False,"source=external;trusted=0;anchor=1;trigger=1;root=0;negative=0;noise=0;verified(1h=0,1d=1);query=palladium mine supply disruption 2026",external
PALLADIUM,2026-01-21T08:00:00Z,not just gold platinum and palladium prices set for further gains too,https://news.google.com/rss/articles/CBMiywFBVV95cUxPaFpKZmh6Zmczb05CcFd1OGJjRUhnWXpCYkN0VC1YUy1RUWg0cFowa25haXV5VkRIUDlHUkd5akVVaS1yZHlwTmZZUFUwZm00b00ydVFlYUotQlNBaGtpNkFwLVpCWE93OFJmbGNlTjdQMXFjNFpOalltT0FaQWI1b2xPeXN1ZUZFSkRnMnNlZ0hOTVoycDk4Y1N2bHp5Y2x6bmxWWUZ4V2tQRHhlUmI3N1FKN3JrVHBacnNyYTdMdjBlV0NkeFB0NzNQYw?oc=5,The Straits Times,google_rss,,,unknown,unknown,False,0.45,0.45,0.55,3.8907263544801234,3.8907263544801234,True,True,1.097268158862003,3.831340794310016,False,False,False,"source=external;trusted=0;anchor=1;trigger=0;root=0;negative=0;noise=0;verified(1h=1,1d=1);query=platinum mine South Africa outage 2026 Reuters",external
PALLADIUM,2025-12-30T03:30:00Z,"Gold , silver and palladium prices pull back sharply , worrying some economists",https://www.abc.net.au/news/2025-12-30/precious-metals-gold-silver-palladium-crash/106187288,abc.net.au,gdelt,,,unknown,unknown,False,0.0,0.1,0.35,0.0,3.306150770342354,False,True,0.6326537692585589,1.845768846292794,False,False,False,"source=internal;trusted=0;anchor=1;trigger=0;root=0;negative=0;noise=0;verified(1h=0,1d=1);query=nan",internal
PALLADIUM,2025-08-04T07:00:00Z,sibanye stillwater s call for us tariff on russian palladium may add to price volatility,https://news.google.com/rss/articles/CBMiwwFBVV95cUxNcW1WZGM5SVFTQWVQNmxwa3pBX3ZLV0JTMVJVOFEtdmtKMTNXUDgzLXRfLTJaeUJlTTdIT0w5d2FJYjd1TlhoOTlSTlBHMmltMHRIak5ETTlsbWlXQ1NGM0FFNXdkOURpOVlLLVpReEQ4Nm9DZm9DaF9GSUlKVEdxNTFud1FtVnp6QXBLWDEtR3J1eEtibGFBT0pGaU9vSmJHNjBUS0plckFTTmc3OEhHcUxVYVlHUkVVQmR3c2p1My1mbnM?oc=5,Reuters,google_rss,russian_palladium_supply_risk,producer:russia->palladium_supply->PALLADIUM,unknown,unknown,False,0.45,0.45,0.55,0.0,0.0,False,False,0.0,4.545,True,True,False,"source=external;trusted=1;anchor=1;trigger=1;root=1;negative=0;noise=0;verified(1h=0,1d=0);query=palladium tariff Russia 2026 Reuters",external
PALLADIUM,2025-10-21T12:00:00Z,WPIC backs tariffs on Russian palladium,https://www.miningmx.com/trending/62845-wpic-backs-tariffs-on-russian-palladium/,miningmx.com,gdelt,russian_palladium_supply_risk,producer:russia->palladium_supply->PALLADIUM,unknown,unknown,False,0.0,0.1,0.35,0.0,0.0,False,False,0.0,3.1725,True,True,False,"source=internal;trusted=1;anchor=1;trigger=1;root=1;negative=0;noise=0;verified(1h=0,1d=0);query=nan",internal
PALLADIUM,2025-02-27T08:00:00Z,impala could close canadian palladium mine early after price rout,https://news.google.com/rss/articles/CBMiwgFBVV95cUxQU1ZJOVM1blFLdHRvR1JvVENjdlQtdEIta2V6ajRmYUw1bEI0X1lCeGxsQ3hUdWxzUHpKelltc2d3dzhYTzl0M1BQNF9jZTRqeTgweU5Lb3dmWjhiSGJjYUUwbXdmMHJlbkFxZ2VlODA0SWxQR1pIODdpTVdMcWJkZC1BWlNZR01vX3IyT2tvVHo4ODFvUEZDXzVXdzZmNU1BOU1INy1KVlhWT3hnT1AxUTBWNnVCN0ZGNVExQXVVVHZPZw?oc=5,Reuters,google_rss,,,unknown,unknown,False,0.45,0.45,0.55,0.0,0.0,False,False,0.0,3.140583962347865,False,True,False,"source=external;trusted=1;anchor=1;trigger=1;root=0;negative=0;noise=0;verified(1h=0,1d=0);query=South Africa palladium mine output 2025 Reuters",external
PALLADIUM,2024-10-24T07:00:00Z,gold climbs on safety rush supply threat bolsters palladium price,https://news.google.com/rss/articles/CBMirAFBVV95cUxQS203RndsWUZ2ZjFRLS1UVUI0TXcwS0g3a0ZzZVhQNFZEckRHc0drSUM1RS1uZ1E3S0lra2lJTk1lQWE4OFdreTF5Sy00TTd0WTZkbHJNS09vcUMwd1pIR1diQ0RrQ1RKLTc2R1lQUmQ2WnFOVGRlbjBOa1YtMmpjbGd0Sm1RRldBcFZ6XzUtSG50Y0p4cFB6Mzl1dmQ1Sk5RVFh0UU9ocE1uRXN2?oc=5,Reuters,google_rss,,,unknown,unknown,False,0.45,0.45,0.55,0.0,0.0,False,False,0.0,3.0542540536720657,False,True,False,"source=external;trusted=1;anchor=1;trigger=1;root=0;negative=0;noise=0;verified(1h=0,1d=0);query=silver mine supply disruption 2026 Reuters",external
PALLADIUM,2022-05-08T07:00:00Z,britain to increase tariffs on russian platinum palladium in new sanctions,https://news.google.com/rss/articles/CBMirwFBVV95cUxOcXVucGt2SXRvRTQ1UmtocjhzREJGWHBzY0NFOWRHM25tM1RjazZCM0N3ZkVmYS1qZmZqUjBvUUVtaldUVkExWE9tamhsN05fZzBLUlE1anJyeWVPWWdyU2lfd3R3LWJjaFVXUk9RNko1TEFWTTZwYUF1YlN2eFEzMEVjUkJwZEt6SjRLY0dWdTRLVGYxTkFqQ1dFSTVDNGZXb2dYZXhkd0ctUmV4MHRj?oc=5,Reuters,google_rss,,,unknown,unknown,False,0.45,0.45,0.55,0.0,0.0,False,False,0.0,2.6450000000000005,False,True,False,"source=external;trusted=1;anchor=1;trigger=1;root=0;negative=0;noise=0;verified(1h=0,1d=0);query=palladium tariff Russia 2026 Reuters",external
PALLADIUM,2022-03-06T08:00:00Z,palladium price hits record on concerns over russian supply risks,https://news.google.com/rss/articles/CBMimAFBVV95cUxPQ2I1NE1wYlBQWTNJSE5oOHNfaXdaRDdnMW9tbVBySVJyNXBuX2VGdlZwdjBaVFhTZGU1UkZINTVhMGFSWnRLYVhSZl9qLW4wdm0tRVlDUmNQYWowT3gzb2F6Q0JCR2NwWnE1b0tLQnVpM0o2V0puaWozZ1hYNHdtUVNsRElfdlIxcHduQVZBZXRfR25pRkpkYg?oc=5,Mining.com,google_rss,,,unknown,unknown,False,0.45,0.45,0.55,0.0,0.0,False,False,0.0,2.6450000000000005,False,True,False,"source=external;trusted=1;anchor=1;trigger=1;root=0;negative=0;noise=0;verified(1h=0,1d=0);query=palladium mine supply disruption 2026",external
PALLADIUM,2025-10-22T07:00:00Z,russian palladium anti dumping petitions trade impact,https://news.google.com/rss/articles/CBMijAFBVV95cUxOb04zSTFvUFR2bEpPcDlVYWZuT3otUHJtLVJza09tdEYwWVUxLWRER0t3NFVaLUsxUXJhYUJoWE1yc2Zrb0poYnRheXZMVmJ6VE9Xcldka0p5RVJ5UjFyOC1taUc2bmNFUE5ac0RaOUhUOThIN21WOGlWcFQxUldBZWRKZEFTLTRDYXdlUA?oc=5,Discovery Alert,google_rss,russian_palladium_supply_risk,producer:russia->palladium_supply->PALLADIUM,unknown,unknown,False,0.45,0.45,0.55,0.0,0.0,False,False,0.0,4.195,True,False,False,"source=external;trusted=0;anchor=1;trigger=1;root=1;negative=0;noise=0;verified(1h=0,1d=0);query=palladium mine supply disruption 2026",external
PALLADIUM,2025-10-22T17:00:00Z,U . S . Targets Russian Palladium : A Seismic Shift for Global Metal Markets,https://markets.financialcontent.com/stocks/article/marketminute-2025-10-22-us-targets-russian-palladium-a-seismic-shift-for-global-metal-markets,markets.financialcontent.com,gdelt,russian_palladium_supply_risk,producer:russia->palladium_supply->PALLADIUM,unknown,unknown,False,0.0,0.1,0.35,0.0,0.0,False,False,0.0,2.8225,True,False,False,"source=internal;trusted=0;anchor=1;trigger=1;root=1;negative=0;noise=0;verified(1h=0,1d=0);query=nan",internal
PALLADIUM,2025-08-27T23:30:00Z,MT delegation asks Trump for tariffs on Russian palladium | News,https://www.bozemandailychronicle.com/news/montana-delegation-asks-trump-to-impose-50-tariffs-on-imports-of-russian-palladium/article_e5f50e40-7dd4-5a47-b982-d6812fc96304.html,bozemandailychronicle.com,gdelt,russian_palladium_supply_risk,producer:russia->palladium_supply->PALLADIUM,unknown,unknown,False,0.0,0.1,0.35,0.0,0.0,False,False,0.0,2.8225,True,False,False,"source=internal;trusted=0;anchor=1;trigger=1;root=1;negative=0;noise=0;verified(1h=0,1d=0);query=nan",internal
COPPER,2025-12-19T08:00:00Z,antofagasta agrees zero copper processing charges for 2026 with chinese smelter,https://news.google.com/rss/articles/CBMiqwFBVV95cUxOc3ZhVWZxQ09IQU1lSkxSUUR1SmhuQzdUNGFlV1BhTG55WklQY3dHNEdmU2ptb1I1clNoSkpNSEJfX1A2bGNNYnRXZDJZbWxIanFYLVBJdnRCVUpWM1pnWDVOVkZmdERPR1VLelFrS2JQZWVlLUZKQ01MWUljbS1jMHFHT19XXzNsWTc4Z3lEZVpzT3NTSWpFSUh2Q3l5VTFfVWVaUWwtbWJULW8?oc=5,Mining.com,google_rss,producer_outage,importer:eu->refined_copper_demand->COPPER,unknown,unknown,False,0.45,0.45,0.55,0.0,4.4950645611184585,False,True,0.6623766140279616,5.766883070139806,True,True,False,"source=external;trusted=1;anchor=1;trigger=1;root=1;negative=0;noise=0;verified(1h=0,1d=1);query=copper smelter outage 2026 Reuters",external
COPPER,2026-01-14T08:00:00Z,chile s codelco gets environmental permit for 2 8 billion ministro hales mine extension,https://news.google.com/rss/articles/CBMivwFBVV95cUxNTnlCam5SVE9malMxNWwxMUV6TzFhMTZDVTJqRmZUMWJmSVkxdkdfVDJFRGxONHVmcnJqbjVoQjdQUmtYRHdSM3R1Sy1JVUwtX2hMS043c2RXV3ZpNDloanN3WmRmZ0dnb294bTlQN1JNZkpWTl9NbFYzeHpjakZrN2xRN2lzVjBTdTIzcVBPU1ZCd0tMVXVIcTB5Z2ZLNU9GUE11YWtWRmtVaEFXTHBReFMySkg2aXVSYzlyRVR4MA?oc=5,Reuters,google_rss,copper_supply_recovery,producer:chile->flow:copper_mine_supply->COPPER,unknown,unknown,False,0.45,0.45,0.55,0.0,4.182772250502532,False,True,0.6545693062625634,5.727846531312816,True,True,False,"source=external;trusted=1;anchor=1;trigger=1;root=1;negative=0;noise=0;verified(1h=0,1d=1);query=codelco copper production disruption 2026 Reuters",external
COPPER,2026-02-10T08:00:00Z,production at codelco s el teniente mine to remain at lower level next 5 years executive says,https://news.google.com/rss/articles/CBMiwAFBVV95cUxPNnR1eEVHUEtLUHJPd0NwRUpPekRVNVNpZ2ZLLW5MVGsydzRHZ3ZWUk0td0p2YXJQSzc2R0pQSDhTT3ViN1laR0lzMFJtR01jNVJsVTF4MFExS1haOHp5RjduTWZZYUhCelk2R2hpVDNNU2tZdzZTam42em5QcGxIWUlsWkF5UTZhX240cUx1NWk2XzhaV1JKV3U3dnhqeFVmb2R2b2dMeHZWbFdrWTdQLW5QT3NnTExOekhMcUctVjI?oc=5,Reuters,google_rss,copper_mine_disruption,producer:chile->flow:copper_mine_supply->COPPER,unknown,unknown,False,0.45,0.45,0.55,0.0,3.630171548894822,False,True,0.6407542887223706,5.658771443611852,True,True,False,"source=external;trusted=1;anchor=1;trigger=1;root=1;negative=0;noise=0;verified(1h=0,1d=1);query=codelco copper production disruption 2026 Reuters",external
COPPER,2026-01-12T08:00:00Z,chile s codelco expects to lift copper output by 10 000 tons this year,https://news.google.com/rss/articles/CBMiuAFBVV95cUxOaGQ2YnhHckJYb3pCZ0F2eDBKcXVVckFXRlRRZkVRbmpmS3ZUamN1S1paZTNJY09oaU9TZ2docGVvaXl3WFFpQVdUQVpWd3FYaUR6S3BDZDJWY2d4bUVPTkJXY3NsYjNFUXlhMTA1a1FrSXNtQU8xNC0zNEc1TkU4U01aZUp3eVlqMGxwVkI4bDB5VXB1MW1WZC1DOU81eU1SeDNIS3c2OWp2ekU0YTd0ZnR1MTMyZExl?oc=5,Reuters,google_rss,copper_supply_recovery,producer:chile->flow:copper_mine_supply->COPPER,unknown,unknown,False,0.45,0.45,0.55,2.280105773057364,5.391552257647034,True,True,1.134788806441176,5.768944032205878,True,True,False,"source=external;trusted=1;anchor=1;trigger=0;root=1;negative=0;noise=0;verified(1h=1,1d=1);query=codelco copper production disruption 2026 Reuters",external
COPPER,2026-02-19T08:00:00Z,chilean authorities raid homes of former codelco executives in el teniente investigation,https://news.google.com/rss/articles/CBMiuwFBVV95cUxQTVlvUjBVRTZncTZERm81M3VfbjZVT182SEh0MkxxX05YWlBWdzRRRl9yMUEtd1hJMUJibjJRRHE3NTBmT0RteVc2RElWaEZKMGQ2bk84bkpGNUVjWDNEUGg4bERGa3FqdDJsYUN4RmdFOTFoSlZMcXhLeWxOYzRqejFGSG90Wm9LNXg5bU9rR1BPTlM3enAzc3V6UU5SczVIeGwwQ0RMQ25vdk12bk5TQlFpYkxXcVB4SDBB?oc=5,Reuters,google_rss,copper_mine_disruption,producer:chile->flow:copper_mine_supply->COPPER,unknown,unknown,False,0.45,0.45,0.55,0.0,8.610422460114213,False,True,0.75,5.555,True,True,False,"source=external;trusted=1;anchor=1;trigger=0;root=1;negative=0;noise=0;verified(1h=0,1d=1);query=codelco copper production disruption 2026 Reuters",external
COPPER,2026-02-09T08:00:00Z,exclusive codelco sees 3 9 billion investments in 2026 budget document shows,https://news.google.com/rss/articles/CBMiswFBVV95cUxQTXp2cnlRcjdkRmRjRjczVFBQeTFIRUotZFJDNTcyeXJxNGdkTDlCNGZsMnBXZDdZaUF2THo1MnNvM2QtU0xSRHJTSGtDSm8zSEJQUEZOTDc1NFZMNnc1c09vSHUwZmNfTWxrZnJkNjRMTDdVM3k4Y0pfVHZFbm9UcVc5b1VCMEZLU18tX2p5ZkxZNUlkYzFZTTROZnJZN1dLZjNhcS1adExPMVJ3X3M2cXhhTQ?oc=5,Reuters,google_rss,copper_supply_recovery,producer:chile->flow:copper_mine_supply->COPPER,unknown,unknown,False,0.45,0.45,0.55,0.0,8.64590104601544,False,True,0.75,5.555,True,True,False,"source=external;trusted=1;anchor=1;trigger=0;root=1;negative=0;noise=0;verified(1h=0,1d=1);query=codelco copper production disruption 2026 Reuters",external
COPPER,2026-02-13T08:00:00Z,copper miner codelco sacks executives after el teniente audit,https://news.google.com/rss/articles/CBMivAFBVV95cUxPWjNBRDlvLVg1QlZoVWlLMXBBdmJUSGdSVldwZTcxWGliZl9ET2xadlU4QzQ2b2o3ZGt3Y296VEdPa0Z2aFpRYlU1ZlpUUm0yMVpSNkwtSU5qdjk5cDlyVldDUV9iWUJvNy15U0prdzk0SVROWkhEMHpBMk9DMTVXX0E1dTRNcENzdWtsWTA5T29OclQydUtiTXhqRjNCYUpHdm9iMGctd0xsQnRETUFRLUNpLXg2azlsRUVHRw?oc=5,Reuters,google_rss,copper_mine_disruption,producer:chile->flow:copper_mine_supply->COPPER,unknown,unknown,False,0.45,0.45,0.55,0.0,7.343181397584396,False,True,0.7335795349396099,5.472897674698049,True,True,False,"source=external;trusted=1;anchor=1;trigger=0;root=1;negative=0;noise=0;verified(1h=0,1d=1);query=codelco copper production disruption 2026 Reuters",external
COPPER,2026-01-23T08:00:00Z,striking workers disrupt access to chile s escondida zaldivar copper mines,https://news.google.com/rss/articles/CBMiowFBVV95cUxPWFV5RVR1bjdOeXE3dXo1aUw3OWszSFJ0RVhqbWhObGRud0x1eGlia0pjZWJGSmxfMHJqWk8yMlN6d2E3d0VybFh1eGU3ZjFKN3owOXMwZXVOMVBwRU9VSGlBdE02VngybktBY0h6bVhxZVJIeTR2dlg4S2IzMjNjc081SU9ocTFmQVZxRlNFQjRhZmZERXE5QkNTNlVzeFhOMnVn?oc=5,Mining.com,google_rss,copper_mine_disruption,producer:chile->flow:copper_mine_supply->COPPER,unknown,unknown,False,0.45,0.45,0.55,0.0,4.613920982632103,False,True,0.6653480245658027,5.1317401228290125,True,True,False,"source=external;trusted=1;anchor=1;trigger=0;root=1;negative=0;noise=0;verified(1h=0,1d=1);query=silver mine supply disruption 2026 Reuters",external
COPPER,2025-12-23T08:00:00Z,chinese copper smelter fees hit record low in 2025,https://news.google.com/rss/articles/CBMiiwFBVV95cUxPWlI5WFFHTGFDQUdqU0FtTW1tcWtUM1VyeFUzUVIyMXUtN3k4bWVURGI5eWVMM2paMjkwVmdsdEZIa1YyZUFkSkI2blV2eVppQjd3cWpDd3JWMVVxS0tiRDM2MGNyVVAzdFhiZUhUM1VlVWZZckc1TVl6RGljdU5TbkZXRkUyaGk4VXRR?oc=5,Discovery Alert,google_rss,copper_mine_disruption,producer:chile->flow:copper_mine_supply->COPPER,unknown,unknown,False,0.45,0.45,0.55,0.0,9.253761006412567,False,True,0.75,5.855,True,False,False,"source=external;trusted=0;anchor=1;trigger=1;root=1;negative=0;noise=0;verified(1h=0,1d=1);query=copper mine strike treatment charges 2026",external
COPPER,2025-12-22T02:19:58Z,copper rose after 2026 smelter fees hit zero,https://news.google.com/rss/articles/CBMifkFVX3lxTE1yb25OU211MzFxSzNLd0Jmcl9nMHBkSVNJMlc2MFhkUnpESlJLajJ1YmRlVE5HRXkxYlEwS09vWXRqdHRmNlhfZzBucTNseDdpZEhIX1RRcS1GdnNELXRlMTFtdkVTRzhNUlN4LUFWVFlramxtYWVKZERaRDhxUQ?oc=5,Finimize,google_rss,copper_mine_disruption,producer:chile->flow:copper_mine_supply->COPPER,unknown,unknown,False,0.45,0.45,0.55,0.0,4.526529483175142,False,True,0.6631632370793786,5.420816185396892,True,False,False,"source=external;trusted=0;anchor=1;trigger=1;root=1;negative=0;noise=0;verified(1h=0,1d=1);query=copper mine strike treatment charges 2026",external
COPPER,2026-01-26T08:00:00Z,chile mantoverde mine strike halts copper production,https://news.google.com/rss/articles/CBMifEFVX3lxTFBFaEpMOHlFSkNBSEhvT1V5ZHZ3UGU4U21qTnQxVjE2Q090ZmV6d3dhWmFzdnZyS2Y2VjRlUEwtZ0V6N3dXMDFFamw5TC0xb1FPN200N2FraXVSVEtFUVNWM2trQVBQRHcyRjQxZVFfRGNKaFlzTDJ2QkJVWHg?oc=5,Discovery Alert,google_rss,copper_mine_disruption,producer:chile->flow:copper_mine_supply->COPPER,unknown,unknown,False,0.45,0.45,0.55,0.0,3.932868541141954,False,True,0.6483217135285488,5.346608567642744,True,False,False,"source=external;trusted=0;anchor=1;trigger=1;root=1;negative=0;noise=0;verified(1h=0,1d=1);query=copper mine strike treatment charges 2026",external
COPPER,2026-01-05T10:00:00Z,Ivanhoe Mines begins copper anode production at smelter in Africa,https://finance.yahoo.com/news/ivanhoe-mines-begins-copper-anode-093004152.html,finance.yahoo.com,gdelt,copper_mine_disruption,producer:chile->flow:copper_mine_supply->COPPER,unknown,unknown,False,0.0,0.1,0.35,5.171942512747956,5.171942512747956,True,True,1.129298562818699,4.668992814093494,True,False,False,"source=internal;trusted=0;anchor=1;trigger=1;root=1;negative=0;noise=0;verified(1h=1,1d=1);query=nan",internal
COPPER,2026-02-03T21:00:00Z,Trama bielorrusa : el mail urgente con que Codelco alertó al exjuez Sergio Muñoz,https://www.t13.cl/noticia/ex-ante/politica/trama-bielorrusa-mail-urgente-codelco-alerto-al-exjuez-sergio-munoz-3-2-2026,t13.cl,gdelt,copper_mine_disruption,producer:chile->flow:copper_mine_supply->COPPER,unknown,unknown,False,0.0,0.1,0.35,1.421431089583135,8.488164181651154,True,True,1.2,4.3725000000000005,True,False,False,"source=internal;trusted=0;anchor=1;trigger=0;root=1;negative=0;noise=0;verified(1h=1,1d=1);query=nan",internal
COPPER,2025-12-04T14:15:00Z,Vicepresidencia de Codelco abre importantes puestos de trabajo en casa matriz : ¿ Hasta cuándo y dónde postular ?,https://www.elobservatodo.cl/noticia/economia/vicepresidencia-de-codelco-abre-importantes-puestos-de-trabajo-en-casa-matriz-hasta,elobservatodo.cl,gdelt,copper_mine_disruption,producer:chile->flow:copper_mine_supply->COPPER,unknown,unknown,False,0.0,0.1,0.35,8.27342750374755,8.27342750374755,True,True,1.2,4.3725000000000005,True,False,False,"source=internal;trusted=0;anchor=1;trigger=0;root=1;negative=0;noise=0;verified(1h=1,1d=1);query=nan",internal
COPPER,2026-03-05T01:00:00Z,Deserto do Atacama surpreende cientistas com vida escondida no solo,https://noticias.r7.com/fala-ciencia/deserto-do-atacama-surpreende-cientistas-com-vida-escondida-no-solo-05032026/,noticias.r7.com,gdelt,copper_mine_disruption,producer:chile->flow:copper_mine_supply->COPPER,unknown,unknown,False,0.0,0.664995,0.504338,0.0,3.2387136861791985,False,True,0.63096784215448,4.0747702607724,True,False,False,"source=internal;trusted=0;anchor=1;trigger=0;root=1;negative=0;noise=0;verified(1h=0,1d=1);query=nan",internal
COPPER,2026-02-04T02:00:00Z,Codelco impulsa cobre de alta pureza para aplicaciones científicas y tecnológicas,https://www.elvacanudo.cl/noticia/tecnologia/codelco-impulsa-cobre-de-alta-pureza-para-aplicaciones-cientificas-y-tecnologicas,elvacanudo.cl,gdelt,copper_mine_disruption,producer:chile->flow:copper_mine_supply->COPPER,unknown,unknown,False,0.0,0.1,0.35,0.0,8.488164181651154,False,True,0.75,3.832500000000001,True,False,False,"source=internal;trusted=0;anchor=1;trigger=0;root=1;negative=0;noise=0;verified(1h=0,1d=1);query=nan",internal
COPPER,2025-12-04T13:00:00Z,"División Ministro Hales , Chuquicamata y Radomiro Tomic de Codelco requiere de nuevos profesionales : ¿ Hasta cuándo y dónde postular ?",https://www.elnortero.cl/noticia/economia/division-ministro-hales-chuquicamata-y-radomiro-tomic-de-codelco-requiere-de-nuevos,elnortero.cl,gdelt,copper_mine_disruption,producer:chile->flow:copper_mine_supply->COPPER,unknown,unknown,False,0.0,0.1,0.35,0.0,8.27342750374755,False,True,0.75,3.832500000000001,True,False,False,"source=internal;trusted=0;anchor=1;trigger=0;root=1;negative=0;noise=0;verified(1h=0,1d=1);query=nan",internal
COPPER,2025-12-04T02:30:00Z,Codelco elige socio para liderar nuevo proyecto de fundición de cobre en Chile,https://gestion.pe/mundo/internacional/codelco-elige-socio-para-liderar-nuevo-proyecto-de-fundicion-de-cobre-en-chile-noticia/,gestion.pe,gdelt,copper_mine_disruption,producer:chile->flow:copper_mine_supply->COPPER,unknown,unknown,False,0.0,0.1,0.35,0.0,8.27342750374755,False,True,0.75,3.832500000000001,True,False,False,"source=internal;trusted=0;anchor=1;trigger=0;root=1;negative=0;noise=0;verified(1h=0,1d=1);query=nan",internal
COPPER,2025-12-05T15:00:00Z,La nueva minería ya está aquí : estos son los perfiles profesionales que Codelco impulsa para su transformación digital,https://www.eldinamo.cl/innovacion/2025/12/05/la-nueva-mineria-ya-esta-aqui-estos-son-los-perfiles-profesionales-que-codelco-impulsa-para-su-transformacion-digital/,eldinamo.cl,gdelt,copper_mine_disruption,producer:chile->flow:copper_mine_supply->COPPER,unknown,unknown,False,0.0,0.1,0.35,0.0,5.590848216168992,False,True,0.6897712054042249,3.5313560270211246,True,False,False,"source=internal;trusted=0;anchor=1;trigger=0;root=1;negative=0;noise=0;verified(1h=0,1d=1);query=nan",internal
COPPER,2025-12-05T13:30:00Z,División El Teniente de Codelco requiere de nuevos profesionales : ¿ Hasta cuándo y dónde postular ?,https://www.elrancahuaso.cl/noticia/economia/division-el-teniente-de-codelco-requiere-de-nuevos-profesionales-hasta-cuando-y-don,elrancahuaso.cl,gdelt,copper_mine_disruption,producer:chile->flow:copper_mine_supply->COPPER,unknown,unknown,False,0.0,0.1,0.35,0.0,5.590848216168992,False,True,0.6897712054042249,3.5313560270211246,True,False,False,"source=internal;trusted=0;anchor=1;trigger=0;root=1;negative=0;noise=0;verified(1h=0,1d=1);query=nan",internal
ALUMINUM,2026-03-04T18:19:19Z,aluminium bahrain declares force majeure on contracts,https://news.google.com/rss/articles/CBMiiAFBVV95cUxNdE9fRks2c3F6dVpVd2t5Q1gtY090dUpodFNReWZlX0VCcVhWV0NOWmVWSzcxTkpZYXZoVDJPNG9iOFc2X29nNHo4SzBRb3lXT2dYSUZNZWYxQW1HZ0c4djNOazRQRXBpZW9JV19aNmlYakNBcnRiM1RwNW9NQmQzQjBkdGJvZ0FY?oc=5,Mining.com,google_rss,producer_outage,producer:bahrain->ALUMINUM,unknown,unknown,False,0.45,0.45,0.55,1.5264659907389713,6.016888269015931,True,True,1.1504222067253984,6.49711103362699,True,True,False,"source=external;trusted=1;anchor=1;trigger=1;root=1;negative=0;noise=0;verified(1h=1,1d=1);query=zinc smelter shutdown 2026 Reuters",external
ALUMINUM,2026-03-03T12:05:01Z,qatar smelter shutdown exacerbates iran war aluminium fears,https://news.google.com/rss/articles/CBMiugFBVV95cUxQNWRqZlNabS1POVFXRWRPQ0RRbTN4UVVaX2ZLMXdNNTAycFNBb0RQcW1rQ1kyTEppY1g1a2xWV3hkM2s3MVRSRVlhRUZWbE5iTkZfdDRHbURBZ0FGNGNQNFRRTWNJLTg2VUZLTEUtTlBEbTR5TURnRjd5WVVTblU2SERYMlZibVVPWkVYc0IyWGhBdkZjZFdZeUNSRkNLY05lSXZwS09aSXIyOHg3eW84b08zd3dBVVB6b3c?oc=5,Reuters,google_rss,producer_outage,producer:qatar->ALUMINUM,unknown,unknown,False,0.45,0.45,0.55,4.5405779980301455,5.326984435935256,True,True,1.1331746108983811,6.410873054491906,True,True,False,"source=external;trusted=1;anchor=1;trigger=1;root=1;negative=0;noise=0;verified(1h=1,1d=1);query=aluminum smelter shutdown gas shortage 2026 Reuters",external
ALUMINUM,2025-12-16T08:00:00Z,guinea ega in bauxite supply deal talks sources say,https://news.google.com/rss/articles/CBMiogFBVV95cUxNNjNzRFBnMktIODlkcGRVOXh1bTlCTVBHcV9Ba05PYnJMNWxqNy1TQTRQUGFTanQxYVlRMExpQm9VeWtKTW5iXzVaUnBDRDc0VElRZk5OTFhneUctUHRWQTZQaFRkTlRuVEpqNEROaXQzV1k0a3NzZWhpaTBGRUdZMlpzelhkOVhPOG9UTUhqTnBDR2UzU2stVGdDQUg3cURWOVE?oc=5,Reuters,google_rss,export_restriction,producer:guinea->ALUMINUM,unknown,unknown,False,0.45,0.45,0.55,1.8631294927338184,1.9585007037488116,True,True,1.0489625175937205,5.989812587968601,True,True,False,"source=external;trusted=1;anchor=1;trigger=1;root=1;negative=0;noise=0;verified(1h=1,1d=1);query=bauxite export ban 2026 Reuters",external
ALUMINUM,2026-03-04T17:45:00Z,Aluminum price surges to 4 - year high on Bahrain force majeure,https://www.mining.com/aluminum-price-surges-to-4-year-high-on-bahrain-force-majeure/,mining.com,gdelt,producer_outage,producer:bahrain->ALUMINUM,unknown,unknown,False,0.0,0.1,0.35,1.5264659907389713,6.016888269015931,True,True,1.1504222067253984,5.124611033626991,True,True,False,"source=internal;trusted=1;anchor=1;trigger=1;root=1;negative=0;noise=0;verified(1h=1,1d=1);query=nan",internal
ALUMINUM,2026-01-26T08:00:00Z,guinea s bauxite exports jump 25 to 183 million tons in 2025 on chinese demand,https://news.google.com/rss/articles/CBMiwAFBVV95cUxQTTQxUTNkbGw4Qzc0TkFTS3ZqdE1aMjQ3R21rLUczNWhfWk1VZ1g3NHZlOC1PdkltM1pFUUpnNXBvYTUtNGtySWJfQ3gtMDFaVTdIZTNNZ0wxZzRTSVdOczQ1RHNrcTh4cTRmdnJEczV4dENPQ0hEa0pxeE1mRWdtZHJNUVZqWGZ4LXN1NTNfUGdTcEVETXpFcjIzX1VSZGVhaFp5YV9sTUtxWGdmRkcxOXpZU0NRbXRfUE9YeUlkOTI?oc=5,Reuters,google_rss,smelter_restart,producer:china->flow:aluminum_smelter_supply->ALUMINUM,unknown,unknown,False,0.45,0.45,0.55,0.0,8.888981177439792,False,True,0.75,5.555,True,True,False,"source=external;trusted=1;anchor=1;trigger=0;root=1;negative=0;noise=0;verified(1h=0,1d=1);query=alumina supply disruption 2026 Reuters",external
ALUMINUM,2026-01-16T08:00:00Z,eu imposes duties on imports from china of fused alumina,https://news.google.com/rss/articles/CBMimAFBVV95cUxNUE5xVllnekk1aE1VZnhCMGRPVktzMHBxNzU2RVdDRUYwd0lGZkFsTFpQQ05zb1RjbDlsNm9SelRYR3RTdVlNUmg4SXBHZ2MtNVZuamcwOFJHTmJiSjIxaXdPLV9lWk9tX0oxNmFwNGJEMWFtZXJKVUtqSmx5TUNvaVEzaGlIRGloenpDSlZWbTlYX242SWhxOQ?oc=5,Reuters,google_rss,smelter_power_disruption,producer:qatar->flow:aluminum_smelter_supply->ALUMINUM,unknown,unknown,False,0.45,0.45,0.55,0.0,4.026593064470396,False,True,0.65066482661176,5.058324133058799,True,True,False,"source=external;trusted=1;anchor=1;trigger=0;root=1;negative=0;noise=0;verified(1h=0,1d=1);query=alumina supply disruption 2026 Reuters",external
ALUMINUM,2026-03-04T13:00:00Z,Qatalum Starts Controlled Shutdown Of Aluminum Production Amid Natural Gas Shortage,https://www.finanznachrichten.de/nachrichten-2026-03/67853297-qatalum-starts-controlled-shutdown-of-aluminum-production-amid-natural-gas-shortage-020.htm,finanznachrichten.de,gdelt,producer_outage,producer:qatar->ALUMINUM,unknown,unknown,False,0.0,0.1,0.35,2.7824111438907804,6.016888269015931,True,True,1.1504222067253984,4.774611033626991,True,False,False,"source=internal;trusted=0;anchor=1;trigger=1;root=1;negative=0;noise=0;verified(1h=1,1d=1);query=nan",internal
ALUMINUM,2026-02-03T16:45:00Z,Major alumina deposit found in Sask . will transform North American mining sector : premier,https://paherald.sk.ca/major-alumina-deposit-found-in-sask-will-transform-north-american-mining-sector-premier/,paherald.sk.ca,gdelt,smelter_power_disruption,producer:qatar->flow:aluminum_smelter_supply->ALUMINUM,unknown,unknown,False,0.0,0.1,0.35,0.0,4.180218798215689,False,True,0.6545054699553923,3.355027349776961,True,False,False,"source=internal;trusted=0;anchor=1;trigger=0;root=1;negative=0;noise=0;verified(1h=0,1d=1);query=nan",internal
ALUMINUM,2026-02-04T01:30:00Z,Alumina Limited : Integration abgeschlossen (),https://www.aktiencheck.de/news/Artikel-Alumina_Limited_Integration_abgeschlossen-19434707,aktiencheck.de,gdelt,smelter_power_disruption,producer:qatar->flow:aluminum_smelter_supply->ALUMINUM,unknown,unknown,False,0.0,0.1,0.35,0.0,3.938494426475041,False,True,0.648462360661876,3.3248118033093803,True,False,False,"source=internal;trusted=0;anchor=1;trigger=0;root=1;negative=0;noise=0;verified(1h=0,1d=1);query=nan",internal
ALUMINUM,2026-03-04T12:33:08Z,aluminium supply headaches intensify as bahrain shipments stop qatar smelter to shut,https://news.google.com/rss/articles/CBMirgFBVV95cUxPSHhKamVsS1NHYjYyYnMwd2VSMTJXSWd3MS1lWTktU25FWV9JUl96alo2ajBhY185NkpBYzU3QkZ3cFdiT1dieWg4LTdkT2p5Mzc3NGRZVTExSm9UYjB6c0tUNTdOVXhYQjNmdmIwY1BWSGVaczlrem5GWGJEMkRxdjQ3NWY5SGVxRURiUEU5c3lIMUlqNjZxREVkR1d4WjJCajBaVXlzMzBzcjFCWmc?oc=5,Reuters,google_rss,,,unknown,unknown,False,0.45,0.45,0.55,2.7824111438907804,6.016888269015931,True,True,1.1504222067253984,5.097111033626991,False,True,False,"source=external;trusted=1;anchor=1;trigger=1;root=0;negative=0;noise=0;verified(1h=1,1d=1);query=alumina supply disruption 2026 Reuters",external
ALUMINUM,2026-03-03T14:57:57Z,risks to western aluminium supply rise as iran war escalates,https://news.google.com/rss/articles/CBMirwFBVV95cUxOcEUtUFJpZU5paG0zMEtsb25qYmFSUXVjQUNrX3ByTWpBUU1RdWlDc2NyVjctdXdwVzh5VDBVUWdJYWdIOHY1R2I5NzVHc2VmLVRTLVNrelhDckN3Z3pIckxWSmVQVDlhZ3g5T25pTlNiUXZaQTRfbXgxbHlGX05MNEs4U3BpZE1rcm9meGNWcEVHSGNyVUwxSUJEY0Vra2xJVWE2em04ZmZOT0xSWUJr?oc=5,Reuters,google_rss,,,unknown,unknown,False,0.45,0.45,0.55,0.0,5.326984435935256,False,True,0.6831746108983815,4.470873054491906,False,True,False,"source=external;trusted=1;anchor=1;trigger=1;root=0;negative=0;noise=0;verified(1h=0,1d=1);query=silver mine supply disruption 2026 Reuters",external
ALUMINUM,2026-02-18T08:00:00Z,power trumps tariffs as another us aluminium smelter shuts,https://news.google.com/rss/articles/CBMisAFBVV95cUxQX3kwajBDSmVnb19qWUg1dGtlbndyeDBYcW5UM1ROeDNEQjl4TE53NmZXdzdkRE1hWGdGVzMteGhJZ0tuQkE2clVnb2k4Q3pWem9hQUVIVEtDR1MyQ3VfZy1CRWFDLXdlN0JmSEhqUGxrblNWR0VlV0duUEVDc1JNMnNOSHJEbm9MMURKSUtrdzBnXzJXN2Y5YWxJNjhnUGVXX2hGR1pIOHV6ejhuc0sydQ?oc=5,Reuters,google_rss,,,unknown,unknown,False,0.45,0.45,0.55,0.0,5.072079174116262,False,True,0.6768019793529066,4.439009896764532,False,True,False,"source=external;trusted=1;anchor=1;trigger=1;root=0;negative=0;noise=0;verified(1h=0,1d=1);query=copper smelter outage 2026 Reuters",external
ALUMINUM,2026-03-03T23:45:00Z,Geopolitical risks in Middle East seen tightening Asian aluminum market | Hellenic Shipping News Worldwide,https://www.hellenicshippingnews.com/geopolitical-risks-in-middle-east-seen-tightening-asian-aluminum-market/,hellenicshippingnews.com,gdelt,central_bank_hawkish_shift,,confirmed,cause,True,0.754,0.986087,0.736773,1.481524610174455,6.016888269015931,True,True,1.1504222067253984,6.292776833626991,False,True,False,"source=internal;trusted=1;anchor=1;trigger=0;root=0;negative=0;noise=0;verified(1h=1,1d=1);query=nan",internal
ALUMINUM,2026-03-02T16:55:36Z,trump s war with iran a major risk for us european aluminium consumers,https://news.google.com/rss/articles/CBMirAFBVV95cUxNcWVwcmZ4dGwtTDZCMm9vY2NzcjlsaGJSZ05TODNnSkI3dWcxSVJaZzFaRTd3b3p4SVZMRG9aOGRMUjd1RHk0cExNREZHNENxQjZnWHByWkhMNTZoamhaM3BDZjNvSnNYVXVXX3VJN3o2MFh5aW5sSjBCUGhUNFE2eFRXNDk5T09jOTBPTXdnRjhYaHk4Z0V1WElpdXBvdHFrVVhGMXZVSXpIWHRk?oc=5,Reuters,google_rss,,,unknown,unknown,False,0.45,0.45,0.55,1.7258639845169916,6.773118583874323,True,True,1.1693279645968582,4.54163982298429,False,True,False,"source=external;trusted=1;anchor=1;trigger=0;root=0;negative=0;noise=0;verified(1h=1,1d=1);query=alumina supply disruption 2026 Reuters",external
ALUMINUM,2026-03-04T21:00:54Z,citi lifts aluminium 0 3 month target to 3 600 per metric ton,https://news.google.com/rss/articles/CBMisAFBVV95cUxNcTFsdTYzMmNrWHhjMlhKU1lnbXdROFFDczlyYS02NDFkcDU3MzBpaFY5ajN5RVhZaGR5VTZMeWtwMHVrZFRHNVhXUkk4WXcyYmwwaUllM29iQ0R6VXlMQWotdTUyaVNNQ0huZ1pYQVRxMGNVc0dYdG5RME1XSUpScFB5MTZMbmhZT2duSldxQ1BwbnlndjdPdjJCWDhTNUk0VmtZU1BtZVJld0NBX2hoeg?oc=5,Reuters,google_rss,,,unknown,unknown,False,0.45,0.45,0.55,6.016888269015931,6.016888269015931,True,True,1.1504222067253984,4.447111033626991,False,True,False,"source=external;trusted=1;anchor=1;trigger=0;root=0;negative=0;noise=0;verified(1h=1,1d=1);query=alumina supply disruption 2026 Reuters",external
ALUMINUM,2026-01-21T08:00:00Z,us aluminium consumers pay the spiralling cost of tariffs,https://news.google.com/rss/articles/CBMiswFBVV95cUxNUUdwelI5WWloRzhWVkZXWDA4d2Fkc1N1d3JVM1AwMTRPV1I5RF9NOTBYR0pFVkxzdWx4UmhWMG9xeVg0TjdQckxPZzNHTkFzM0VxdUwzWWtNVGdIV09tSFhaWVRZSUhsRUxYTE5EblB3dk1XeEVnUEFMby16WHFKS2pONGx0b0dXR3VVTXhiT1dtV19IUEREbFlyaGRNNE9fX3lzckY1eFotMWwtQ3VrRHJ6bw?oc=5,Reuters,google_rss,,,unknown,unknown,False,0.45,0.45,0.55,1.7182943688347847,5.482373261798763,True,True,1.137059331544969,4.380296657724845,False,True,False,"source=external;trusted=1;anchor=1;trigger=0;root=0;negative=0;noise=0;verified(1h=1,1d=1);query=aluminum smelter shutdown gas shortage 2026 Reuters",external
ALUMINUM,2026-03-04T23:45:00Z,How long will Gulf disruptions support aluminum prices ? | Hellenic Shipping News Worldwide,https://www.hellenicshippingnews.com/how-long-will-gulf-disruptions-support-aluminum-prices/,hellenicshippingnews.com,gdelt,,,unknown,unknown,False,0.0,1.0,0.864136,3.0929480499359907,3.0929480499359907,True,True,1.0773237012483998,4.271134106241999,False,True,False,"source=internal;trusted=1;anchor=1;trigger=0;root=0;negative=0;noise=0;verified(1h=1,1d=1);query=nan",internal
ALUMINUM,2026-02-13T08:00:00Z,trump plans to roll back some tariffs on steel and aluminum goods ft reports,https://news.google.com/rss/articles/CBMiqwFBVV95cUxPczdzNi1QREpkeTVGVXB2VmdLNm10NU9GY21GeW5UN1VobjNlcUhzMVl3MndOZnlIcHQ3dS03ZmkzaHYwdjJFVVZZOEE0SGR1R0pVekVXYlVfVXU4LW42Y2wxT1ZRa1VfNjNwSW5NUTY1WGRXb2FTdmY1Tld2X2NUbnVZbUpZTlZ2N1l2Q0J1Ump2UHkzVjBadlRNUmU4RXpOSUNiU2tQeTFlMkk?oc=5,Reuters,google_rss,,,unknown,unknown,False,0.45,0.45,0.55,2.219905486812916,4.493641992340809,True,True,1.1123410498085202,4.256705249042601,False,True,False,"source=external;trusted=1;anchor=1;trigger=0;root=0;negative=0;noise=0;verified(1h=1,1d=1);query=alumina supply disruption 2026 Reuters",external
ALUMINUM,2026-02-13T08:00:00Z,aluminium pulls back from one week low after market digests report trump may ease tariffs,https://news.google.com/rss/articles/CBMiuAFBVV95cUxPTEFkZ3k3TllPcEdQU1FRSkdDcGEtZTN6b0VpUUVtY0pCRnhhZFYtOVdoOE96b0tDSEh1UGJSVTNTWGlpbHdrdE10ZjNMMnpXdDB6ei1VUkl5Y25QdVU4VFpPTXdCU2NBWGR5RGhHTXhHYWNINlVxcW5pbW1hWEYtNmtfZHNaMVdJRzcxbDlVRk4ycDdRSWRFVWRUY1A4M2hWOTdRWEJtc2ZQYnZfV0dOSVphTTNyalVw?oc=5,Reuters,google_rss,,,unknown,unknown,False,0.45,0.45,0.55,2.219905486812916,4.493641992340809,True,True,1.1123410498085202,4.256705249042601,False,True,False,"source=external;trusted=1;anchor=1;trigger=0;root=0;negative=0;noise=0;verified(1h=1,1d=1);query=alumina supply disruption 2026 Reuters",external
ALUMINUM,2026-03-04T01:30:00Z,Aluminium rallies after Qatar halts output,https://economictimes.indiatimes.com/markets/commodities/news/aluminium-rallies-after-qatar-halts-output/articleshow/128998253.cms,economictimes.indiatimes.com,gdelt,,,unknown,unknown,False,0.0,1.0,0.994274,0.0,6.016888269015931,False,True,0.7004222067253983,4.207243933626992,False,True,False,"source=internal;trusted=1;anchor=1;trigger=0;root=0;negative=0;noise=0;verified(1h=0,1d=1);query=nan",internal
NICKEL,2026-01-25T08:00:00Z,nickel market plays the indonesia s numbers game,https://news.google.com/rss/articles/CBMikAFBVV95cUxNcWxpWU5qUnQ1Ulk0b1RETVNBN3Y0Ym1UTnc2N3FCLVY1d1dvYzBXMGIwTm1PNWw4SFplRTBGaVhMcWZEQXdYSk5iS2d2d1FVUVF2YTFiWUZ0WGVwNVlKczBiTjEzREpSWTk1Tk1mWnB4YV9Mc0tSSlNHbTA1M2tTVnJmQW15c1d3NFpxcC1EOTY?oc=5,Reuters,google_rss,export_restriction,producer:philippines->nickel_ore_supply->NICKEL,unknown,unknown,False,0.45,0.45,0.55,0.0,7.867234932696753,False,True,0.7466808733174188,6.188404366587093,True,True,False,"source=external;trusted=1;anchor=1;trigger=1;root=1;negative=0;noise=0;verified(1h=0,1d=1);query=Indonesia nickel ore policy export quota 2026 Reuters",external
NICKEL,2026-02-11T08:00:00Z,watch world s biggest nickel mine in indonesia told to slash output the pulse 2 11 2026,https://news.google.com/rss/articles/CBMif0FVX3lxTE82eEFUUDNzOXBQN1FpRzJWX1lPMktiY0R0Z0JjMWpKbU5jZm9pWDVzSGZ4STdEWHFwZTJmeVVId2doakIxaWhQS0VEY1RoUzBEbGpOZ1VHQ2N5eWx1VDh1UlE5dFplakJPOXVPRDlpNlJyR3NUNURobjZ4V0ZCaG8?oc=5,Bloomberg,google_rss,producer_output_cut,producer:indonesia->nickel_ore_supply->NICKEL,unknown,unknown,False,0.45,0.45,0.55,0.0,4.522907469389803,False,True,0.6630726867347452,5.770363433673724,True,True,False,"source=external;trusted=1;anchor=1;trigger=1;root=1;negative=0;noise=0;verified(1h=0,1d=1);query=nickel mine disruption Indonesia 2026",external
NICKEL,2026-02-11T08:00:00Z,eramet says indonesia nickel permit volume slashed for 2026,https://news.google.com/rss/articles/CBMirwFBVV95cUxQQkt0aHpWZzBVX1dzeER5a2Y3QXpyNExLcFJoZkI5dXR5SW1jeVhnazRkeHpBUjEtekdOcHYxdTlqa1gxdnRGT0cxZEJNSnBDSnFfcXVxS3dVT2Y4VEtxbXVtRHEwTnJKamx1V2RrNTlOaVJGTlhBOHJjMGpxY0RqbWhlRkdUQzYyQldzbHI0NUFOSGNHRU0yNE9Eby1VZUNfWHVsYWtqNENsWHA3Ry1F?oc=5,Reuters,google_rss,producer_output_cut,producer:indonesia->nickel_ore_supply->NICKEL,unknown,unknown,False,0.45,0.45,0.55,0.0,4.522907469389803,False,True,0.6630726867347452,5.770363433673724,True,True,False,"source=external;trusted=1;anchor=1;trigger=1;root=1;negative=0;noise=0;verified(1h=0,1d=1);query=nickel mine disruption Indonesia 2026",external
NICKEL,2025-12-19T08:00:00Z,nickel price extends rebound after indonesia signals mine output cut,https://news.google.com/rss/articles/CBMinAFBVV95cUxNVU04YzREclRJWkFIUy1MN082VjZqaGV2eTZ5alNVSnllbjVlX2J0cDcyMS1JR0h0c3d2VWxkR3Vsclp4WTlxV2dQNy15N0R1NlRTRVpVdi0xVjlqejI5ZHBpY01yc0VSUDZLNVV4dEtDdVd5Qmp3Xzk2a0F4cHF1X29GTERYUzRZdXRIYmtBZnFpd3NGVWdxZ0NULVI?oc=5,Mining.com,google_rss,producer_output_cut,producer:indonesia->nickel_ore_supply->NICKEL,unknown,unknown,False,0.45,0.45,0.55,0.0,4.044202571801359,False,True,0.651105064295034,5.710525321475169,True,True,False,"source=external;trusted=1;anchor=1;trigger=1;root=1;negative=0;noise=0;verified(1h=0,1d=1);query=nickel mine disruption Indonesia 2026",external
NICKEL,2025-12-17T08:00:00Z,indonesia may slash nickel output to steady prices,https://news.google.com/rss/articles/CBMif0FVX3lxTE9pSjdBMGFkNEhRajE5bVJUeFNDYzlQYW5MMmpPMWxpRGFfS2VEX3VTTUJPMjBjMUtaUnBLaTJKVWN4VEFBV2o2a1gtb0hnel8ya3NkRGE1dXpPM2xneXpyR0d0U1JGMDZmWVhWRGQ5WEZmNURmNXlVWDJrVFdyWVE?oc=5,Mining.com,google_rss,nickel_ore_export_restriction,producer:indonesia->flow:nickel_ore_supply->NICKEL,unknown,unknown,False,0.45,0.45,0.55,0.0,3.0360560954381635,False,True,0.6259014023859542,5.5845070119297695,True,True,False,"source=external;trusted=1;anchor=1;trigger=1;root=1;negative=0;noise=0;verified(1h=0,1d=1);query=nickel mine disruption Indonesia 2026",external
NICKEL,2026-02-19T07:15:00Z,"Landslide in Indonesia Morowali nickel hub kills one , halts operations",https://www.marketscreener.com/news/landslide-in-indonesia-s-morowali-nickel-hub-kills-one-halts-operations-ce7e5ddfdf8af427,marketscreener.com,gdelt,producer_outage,producer:indonesia->nickel_ore_supply->NICKEL,unknown,unknown,False,0.0,0.1,0.35,0.0,4.361338501466886,False,True,0.6590334625366722,4.377667312683361,True,True,False,"source=internal;trusted=1;anchor=1;trigger=1;root=1;negative=0;noise=0;verified(1h=0,1d=1);query=nan",internal
NICKEL,2025-12-29T07:45:00Z,How a reclusive ex - Glencore trader became Indonesia nickel king,https://www.mining.com/web/how-a-reclusive-ex-glencore-trader-became-indonesias-nickel-king/,mining.com,gdelt,nickel_ore_export_restriction,producer:indonesia->flow:nickel_ore_supply->NICKEL,unknown,unknown,False,0.0,0.1,0.35,0.0,3.548890981873511,False,True,0.6387222745468378,4.276111372734189,True,True,False,"source=internal;trusted=1;anchor=1;trigger=1;root=1;negative=0;noise=0;verified(1h=0,1d=1);query=nan",internal
NICKEL,2026-01-26T08:00:00Z,indonesia cuts nickel quota market responds with number games,https://news.google.com/rss/articles/CBMipAFBVV95cUxQWWVJT2ZaRF9RTk1feDZjVVFnaU9RRVQ2bjhrUVpwb3RodXk1S29XUGx1dFBGQlIxc0F2MWw2RmlaRnJvbnFWeDN2Q1ozVWhrc29tLXdaV09PLVE4djcydDNTSU1mTV9xRV80M0lJXzQ1VWZkeGI3Y1VOSHUwdzFndkdtNEJVSHcxcWpzY3pEcWtSaFFfQ01nUGZISWpwc0F1NUpBMQ?oc=5,IDNFinancials,google_rss,export_restriction,producer:philippines->nickel_ore_supply->NICKEL,unknown,unknown,False,0.45,0.45,0.55,7.049892291547264,7.049892291547264,True,True,1.1762473072886817,6.276236536443408,True,False,False,"source=external;trusted=0;anchor=1;trigger=1;root=1;negative=0;noise=0;verified(1h=1,1d=1);query=Indonesia nickel ore policy export quota 2026 Reuters",external
NICKEL,2026-01-22T17:57:44Z,nickel laterite ore 7 innovations in indonesia 2026,https://news.google.com/rss/articles/CBMihwFBVV95cUxNdlVIajBuNExaUk5kR0w4dFRrUkJpb1NGcmx4dFlGOVlPcmE5Ym9zWkdGNW03QVhpRWxWNzV5Zl9DYm5mOV8xVTBfM3lfNkg3a2s2Y21wRnEyS3dZc19EUDc3UjI5aUN4WWdwcUhqV0g5UkxuYUxJSWJhOExTSDFJLUtGeXh2eUE?oc=5,Farmonaut,google_rss,nickel_ore_export_restriction,producer:indonesia->flow:nickel_ore_supply->NICKEL,unknown,unknown,False,0.45,0.45,0.55,2.2132142715877343,6.440162326428918,True,True,1.161004058160723,6.200020290803614,True,False,False,"source=external;trusted=0;anchor=1;trigger=1;root=1;negative=0;noise=0;verified(1h=1,1d=1);query=nickel mine disruption Indonesia 2026",external
NICKEL,2026-01-08T08:00:00Z,the illusion of control in indonesia s nickel revolution,https://news.google.com/rss/articles/CBMimAFBVV95cUxPbVNMeTRFX3Z6QnhURXRyWlVXWEZ1M0RiZUhuaGtfRGJtcU44Z21teDNVVlFvMUtWZWoxbGxnaUVpYm4yVk5ac3E0S1RRa1g5LUFtUTRoZnBTbUxYeUE2NGlTNGtocVk2cG1FUUNtc0JTUnpPV2N4LTBLVGZidkZqSGUzSm9xM0hKQ0FpRmNTVG5BVUJvaklYZA?oc=5,East Asia Forum,google_rss,nickel_ore_export_restriction,producer:indonesia->flow:nickel_ore_supply->NICKEL,unknown,unknown,False,0.45,0.45,0.55,4.783395414192491,4.9168528875059705,True,True,1.1229213221876493,6.0096066109382456,True,False,False,"source=external;trusted=0;anchor=1;trigger=1;root=1;negative=0;noise=0;verified(1h=1,1d=1);query=nickel mine disruption Indonesia 2026",external
NICKEL,2026-01-08T08:00:00Z,nickel price drop after indonesia output cut plans,https://news.google.com/rss/articles/CBMihwFBVV95cUxQNkdrRTN0a1A1MVlNdExvMnVyY1VUckJ0eHlmYV9IbWFSSDdOR2JVN2luSmV3Ung2dXMxTG9CbWhfMnpEVlNaODY4VlNnUHFVTHB3MFF3UE9rb19DTmpYaHExaHBlZWt0UGRjLUQzeDhhQzdNYTVZaVN5aVJPSWVYdUxEaUtLQ00?oc=5,Discovery Alert,google_rss,producer_output_cut,producer:indonesia->nickel_ore_supply->NICKEL,unknown,unknown,False,0.45,0.45,0.55,4.783395414192491,4.9168528875059705,True,True,1.1229213221876493,6.0096066109382456,True,False,False,"source=external;trusted=0;anchor=1;trigger=1;root=1;negative=0;noise=0;verified(1h=1,1d=1);query=nickel mine disruption Indonesia 2026",external
NICKEL,2026-01-19T08:00:00Z,nickel mining smelter demand crisis hits indonesia 2026,https://news.google.com/rss/articles/CBMieEFVX3lxTE9EX3BEM1l0c3h4NlF2RENmTFpoNWhZRTlURXBsTHpCczFORnRBSkE4MlBSSjZvVWg0emUyRF9vTHRYOVNiazNvY1dpMjJab2E2aXo3VmJoeFhtQURSOE5YMGRDMnVfc1FzSkFzN0NsbVVUNXd4czAzVw?oc=5,Discovery Alert,google_rss,nickel_ore_export_restriction,producer:indonesia->flow:nickel_ore_supply->NICKEL,unknown,unknown,False,0.45,0.45,0.55,0.0,8.578768854427906,False,True,0.75,5.855,True,False,False,"source=external;trusted=0;anchor=1;trigger=1;root=1;negative=0;noise=0;verified(1h=0,1d=1);query=nickel mine disruption Indonesia 2026",external
NICKEL,2026-02-24T08:00:00Z,us indonesia nickel deal reshapes global supply chain,https://news.google.com/rss/articles/CBMigwFBVV95cUxPUndLbkxKVHFSaTA4R3BKQldRVFBkdnJYQ25JLWJYYkNiTVBkRUkzbEFIekRKTzBveHpNRFJqbEtmano0T2ZpTDhxdUJOVm81OVcxOHpiNVNUcnBuamM3MWJRN2F1X0d4RFFzV2REdlBkbzgxRVJRNGczYUFjUU93dnNoaw?oc=5,Discovery Alert,google_rss,nickel_ore_export_restriction,producer:indonesia->flow:nickel_ore_supply->NICKEL,unknown,unknown,False,0.45,0.45,0.55,1.9824915443613336,3.6046331963926352,True,True,1.090115829909816,5.845579149549079,True,False,False,"source=external;trusted=0;anchor=1;trigger=1;root=1;negative=0;noise=0;verified(1h=1,1d=1);query=nickel mine disruption Indonesia 2026",external
NICKEL,2026-01-25T08:00:00Z,indonesia nickel production limits drive market rally,https://news.google.com/rss/articles/CBMigwFBVV95cUxOeldycVhwcEdxcFpiRjFTN09Ybkp6VHp3VmtFMWxoOW1Pc2JlNkhLR0Jaa21NanJTZXpod2dIN2dnSFNFa0tfODhsdi1rZjRLaERTUGkxN1dyRUN0ampDZFN1dHlnb2FBNkY4U3lNR1BoUW5ZY2Z3cE1tQm8xaXBLa3I5VQ?oc=5,Discovery Alert,google_rss,producer_output_cut,producer:indonesia->nickel_ore_supply->NICKEL,unknown,unknown,False,0.45,0.45,0.55,0.0,7.867234932696753,False,True,0.7466808733174188,5.838404366587094,True,False,False,"source=external;trusted=0;anchor=1;trigger=1;root=1;negative=0;noise=0;verified(1h=0,1d=1);query=nickel mine disruption Indonesia 2026",external
NICKEL,2026-02-11T08:00:00Z,indonesia nickel permit 2026 mining quota cuts impact,https://news.google.com/rss/articles/CBMikgFBVV95cUxPVFlSclA5bmFtNWh6Wlc1QWMxbmdyRk52QVdSRllrSmxLczJ1bmVHN3RjclQyTGVUMmNKY00wbmFuSkR3N256ek1PYjhzRWJFMVlLNVJjeTdxYVRqRjRHSE5XWTJDeEZxWUFwVzM1aDIzaGJMVUQyUDFXUnFxNW5XeHUzalBfWEhqZDJ6eUtDZTlzZw?oc=5,Discovery Alert,google_rss,export_restriction,producer:philippines->nickel_ore_supply->NICKEL,unknown,unknown,False,0.45,0.45,0.55,0.0,4.522907469389803,False,True,0.6630726867347452,5.4203634336737245,True,False,False,"source=external;trusted=0;anchor=1;trigger=1;root=1;negative=0;noise=0;verified(1h=0,1d=1);query=Indonesia nickel ore policy export quota 2026 Reuters",external
NICKEL,2026-02-19T20:47:11Z,indonesia morowali nickel hub landslide hits operations,https://news.google.com/rss/articles/CBMihgFBVV95cUxQY0FPbEFRemJXOUVjRWtuMFlCbWg0VVR6RDM4RmQ5RDlPdDRpUVcwNmdYQl90ODl2cDNKUlNyVlI5ZTlWdmZXMUJCdzhfT1VoeGszZzAybFVzMkM4d0t3RVlGdGMxLWVneXIwOTlfWmZhQ2Rpa2FDR01UMHozb3pkalRBLXBHQQ?oc=5,Discovery Alert,google_rss,producer_outage,producer:indonesia->nickel_ore_supply->NICKEL,unknown,unknown,False,0.45,0.45,0.55,0.0,4.488076696384804,False,True,0.6622019174096202,5.4160095870481,True,False,False,"source=external;trusted=0;anchor=1;trigger=1;root=1;negative=0;noise=0;verified(1h=0,1d=1);query=nickel mine disruption Indonesia 2026",external
NICKEL,2026-02-19T08:00:00Z,landslide in indonesia s morowali nickel hub kills one halts operations,https://news.google.com/rss/articles/CBMi0gFBVV95cUxQZDQxWDI0VUJOSXNTMTM0UEpLUE1UaFdMdFZpaHRwR1lMMUQ2bGcxY0ZsZjljbE5COGtuUC0yTUlPbDdIamxFYVlWWXZ2QVk0bkZ3ZlEyM1hCVjE4UXBqam1LcmdxNjJQdkFTY1oyTWF6NHBKOHlkc0ljZG15OXF3ZnZvU1BkczN2OUQ4RWFSN2lMRU9PaDZnWTVEODVyUzhWZ2RSVS1veU5BdFBDVTRiMFVXb0FXMDItVU9XTFZuMkJHck1JVksxWXNROURKMXVqemc?oc=5,The Star | Malaysia,google_rss,producer_outage,producer:indonesia->nickel_ore_supply->NICKEL,unknown,unknown,False,0.45,0.45,0.55,0.0,4.361338501466886,False,True,0.6590334625366722,5.40016731268336,True,False,False,"source=external;trusted=0;anchor=1;trigger=1;root=1;negative=0;noise=0;verified(1h=0,1d=1);query=nickel smelter output Morowali 2026",external
NICKEL,2026-02-25T14:15:04Z,indonesia and philippines reshape nickel market through coordinated supply discipline,https://news.google.com/rss/articles/CBMivAFBVV95cUxOQUlLRWg1bzVyVkhneXlObUNwaUljMlFxb2Raa2F2Tkh4dkVSbnE1ODRDM0Zmakd5NDMzNXhVWXVGN3Z6bWNWZl9oQXMxNXMwU25UZE1NZS1nZ0lMT203dE9HczRCQXZDQzNFTmVta1I2bUh2VkhQemdQR0xhVmY4TTgyLVpwUWJmb0haWFZMZzk4QTNPOTA1YXFNaGpwN1RkQ2o4NFdCcms0Rjl3SWUyVkJKbkZKQUtKU1FmZA?oc=5,Crux Investor,google_rss,nickel_ore_export_restriction,producer:indonesia->flow:nickel_ore_supply->NICKEL,unknown,unknown,False,0.45,0.45,0.55,0.0,4.003142156930997,False,True,0.650078553923275,5.355392769616374,True,False,False,"source=external;trusted=0;anchor=1;trigger=1;root=1;negative=0;noise=0;verified(1h=0,1d=1);query=nickel mine disruption Indonesia 2026",external
NICKEL,2026-01-20T08:00:00Z,vale indonesia seeks higher 2026 nickel production quota,https://news.google.com/rss/articles/CBMikwFBVV95cUxOV0VNZk1nLTlPYjNDSUtHYzBMX3JRVWpaejkydDRXU2d2MHZEY3VWWmVFZHg3RnI5Wk5UbEpHY3ZTRXo2Q0RZdHBjbGRxWDU0Y2N5REZzaHZGOHVydWdHdVBHYWo5QWVNT1k1THU4TVhvdncyYy02b0xpVTFtX2F6WWptR0ZYTFptN01oUWJKYTZOQnc?oc=5,Tempo.co English,google_rss,nickel_ore_export_restriction,producer:indonesia->flow:nickel_ore_supply->NICKEL,unknown,unknown,False,0.45,0.45,0.55,0.0,3.6072556250670864,False,True,0.6401813906266772,5.305906953133386,True,False,False,"source=external;trusted=0;anchor=1;trigger=1;root=1;negative=0;noise=0;verified(1h=0,1d=1);query=nickel mine disruption Indonesia 2026",external
NICKEL,2026-02-23T18:40:45Z,indonesia nickel environmental permit revocations transform mining regulations,https://news.google.com/rss/articles/CBMinwFBVV95cUxQU3h0TW41S3pSQzZWZmNRczRiVjZjWGR4eV9xOTN6eVc4SkxnUGRfSlRmNTYxbVBWVEE4LUlFbDVtWU83c3VNb2JSM01ZZG0waWRpcU9mWVUwc2ZxZF9xeVR2OE8xM1F5Tm82SDR3V0lTWG53RWJJUW55SE1OVlNRbHJWeUdJdmxxcHBWSFJvcHNLUkU1cVlkWGtjUTRoTjQ?oc=5,Discovery Alert,google_rss,nickel_ore_export_restriction,producer:indonesia->flow:nickel_ore_supply->NICKEL,unknown,unknown,False,0.45,0.45,0.55,0.0,3.6046331963926352,False,True,0.640115829909816,5.305579149549079,True,False,False,"source=external;trusted=0;anchor=1;trigger=1;root=1;negative=0;noise=0;verified(1h=0,1d=1);query=nickel mine disruption Indonesia 2026",external
ZINC,2025-12-11T08:00:00Z,chinese zinc smelter breaks contract with teck s alaska mine amid tariffs sources say,https://news.google.com/rss/articles/CBMi0AFBVV95cUxQaUFPX0xHZGhDcFA4bU9RU0pXSlc1dkdLU2RCeDRlUTFqQ0VDSXZKMHFtZ2pKRGozOW91XzBKWEhDdG5ScDdYRWUza09ORVJjT2k1T3NfMHFtc3JUTHgyNnVGaEJKMkVseTVnUWhrb0o2eVI5RnZmUkNSdTlMMVluNkZIWUcwLUdFclFVUVZlOGhUcTBYZTRJWDRYZWVXTjNBMHlOWFN6aFAyaHVIekhZQzd5bTU0VEtNZlNMU1N4eW83bi16Mm9LWnRUcHdhTXJN?oc=5,Reuters,google_rss,producer_outage,producer:china->zinc_mine_supply->ZINC,unknown,unknown,False,0.45,0.45,0.55,0.0,5.6330151326385165,False,True,0.690825378315963,5.909126891579813,True,True,False,"source=external;trusted=1;anchor=1;trigger=1;root=1;negative=0;noise=0;verified(1h=0,1d=1);query=zinc smelter shutdown 2026 Reuters",external
ZINC,2026-02-18T20:15:00Z,Tasmanian EPA drops plan to implement tighter lead controls after pushback from Nyrstar smelter,https://www.abc.net.au/news/2026-02-19/epa-folds-after-nyrstar-pushback-on-tougher-lead-emissions/106352924,abc.net.au,gdelt,zinc_smelter_disruption,producer:china->zinc_mine_supply->ZINC,unknown,unknown,False,0.0,0.1,0.35,0.0,2.2122719675013247,False,True,0.6053067991875332,3.759033995937666,True,False,False,"source=internal;trusted=0;anchor=1;trigger=1;root=1;negative=0;noise=0;verified(1h=0,1d=1);query=nan",internal
ZINC,2026-02-19T17:45:00Z,"उदयपुर : ट्रेलर की चपेट में आने से जिंक कर्मी की मौत , श्रमिकों ने किया प्रदर्शन | Udaipur Zinc Smelter Worker Dies in Road Accident ; Laborers Protest at Main Gate",https://www.pratahkal.com/udaipur/udaipur-zinc-worker-death-trailer-accident-rundeda-1566628,pratahkal.com,gdelt,zinc_smelter_disruption,producer:china->zinc_mine_supply->ZINC,unknown,unknown,False,0.0,0.1,0.35,0.0,1.8410903768325375,False,True,0.5960272594208135,3.7126362971040674,True,False,False,"source=internal;trusted=0;anchor=1;trigger=1;root=1;negative=0;noise=0;verified(1h=0,1d=1);query=nan",internal
ZINC,2025-12-18T00:00:00Z,Korean Mining Giants Clash Again Over Zinc Smelter Project in the U . S .,http://koreabizwire.com/korean-mining-giants-clash-again-over-zinc-smelter-project-in-the-u-s/340360,koreabizwire.com,gdelt,zinc_smelter_disruption,producer:china->zinc_mine_supply->ZINC,unknown,unknown,False,0.0,0.1,0.35,0.0,1.584126720014275,False,True,0.589603168000357,3.680515840001784,True,False,False,"source=internal;trusted=0;anchor=1;trigger=1;root=1;negative=0;noise=0;verified(1h=0,1d=1);query=nan",internal
ZINC,2025-12-17T11:45:00Z,Korea Zinc Tennessee smelter emerges as potential target for $200 bil . US fund,https://www.koreatimes.co.kr/economy/policy/20251217/korea-zincs-tennessee-smelter-emerges-as-potential-target-for-200-bil-us-fund,koreatimes.co.kr,gdelt,zinc_smelter_disruption,producer:china->zinc_mine_supply->ZINC,unknown,unknown,False,0.0,0.1,0.35,0.0,1.584126720014275,False,True,0.589603168000357,3.680515840001784,True,False,False,"source=internal;trusted=0;anchor=1;trigger=1;root=1;negative=0;noise=0;verified(1h=0,1d=1);query=nan",internal
ZINC,2026-02-24T09:16:46Z,Commodity Radar: Zinc under consolidation after 22% surge over a year. Time to buy or book profits?,https://economictimes.indiatimes.com/markets/commodities/news/commodity-radar-zinc-under-consolidation-after-22-surge-over-a-year-time-to-buy-or-book-profits/articleshow/128746229.cms,The Times of India,newsapi,,,unknown,unknown,False,0.0,1.0,0.910833,0.0,2.102922122167056,False,True,0.6025730530541764,4.2970733152708815,False,True,False,"source=internal;trusted=1;anchor=1;trigger=1;root=0;negative=0;noise=0;verified(1h=0,1d=1);query=nan",internal
ZINC,2026-01-27T08:00:00Z,zinc market continues to defy bear expectations,https://news.google.com/rss/articles/CBMiogFBVV95cUxNZkliY3ZMRzBNd29LRkVNRUNJRXd6MzNING9TbzAxcTdZbFVpS2xaVlhOXzVSQXoxQUpuNGs2d0c1MWVWN0h2WWVLNWMxY05HZWdHbzFtOVJTX1VyV2R1RjdkQXVtUFFtcXlXV3FScnE4Vm9GanlNTzVPOUtqSGZ6dWdnNEJaMmpWaVlDcXZON3BMRVV6ZUIyWThrSUpsczdjWXc?oc=5,Reuters,google_rss,,,unknown,unknown,False,0.45,0.45,0.55,0.0,3.570202652797639,False,True,0.639255066319941,3.6012753315997053,False,True,False,"source=external;trusted=1;anchor=1;trigger=0;root=0;negative=0;noise=0;verified(1h=0,1d=1);query=zinc smelter shutdown 2026 Reuters",external
ZINC,2025-12-12T08:00:00Z,why the global zinc market remained tight in 2025,https://news.google.com/rss/articles/CBMikAFBVV95cUxPaWRLZE11UHdJTjZHTDllempzNFU1LTg3QVU2ME8tSEIySGMzb1pLZVEwU3U4RjNhUXhDZlZWSnZidTRBVWxMd0Y1d01Jc1hJM0NFdWRwY095TVJGYlczRE1Hc2l4UnpSYndQZktNQlNIZWJoQnVDal9sVmowc0FaNnVhVVhzTFk0c2VEQkFpb3E?oc=5,Fastmarkets,google_rss,,,unknown,unknown,False,0.45,0.45,0.55,0.0,2.0870644174788238,False,True,0.6021766104369706,3.4158830521848533,False,True,False,"source=external;trusted=1;anchor=1;trigger=0;root=0;negative=0;noise=0;verified(1h=0,1d=1);query=zinc treatment charges 2026 Fastmarkets",external
ZINC,2025-12-15T08:00:00Z,korea zinc to build 7 4 billion us minerals refinery with trump s support,https://news.google.com/rss/articles/CBMizgFBVV95cUxNZHFnSnFuXzNXNC1UWUtiQWxCNjBaYi0tTDJRTlR4SGFDQU5uck5sR3hfYlQtVDZrZzdnYVJhSXJNb252b2FwNmJ0VF9IQWpZSFVCTWkxVkdCUGRhMUYxZHBRMmMwbWpnZW8zS0FnZmRHRU1nblhDcXNndDFzSEZyYUYtYUo2NE42Yzk3RmlJVTdWQXRKenNyU1JyYVFwYVRKSzFTRXQ5WGZ1MUV1QnZVbTRCVFZGZWpwNGFzUHN4NzRqVllEalR5eTBDdUR5UQ?oc=5,Reuters,google_rss,,,unknown,unknown,False,0.45,0.45,0.55,0.0,2.0525173496601807,False,True,0.6013129337415045,3.411564668707523,False,True,False,"source=external;trusted=1;anchor=1;trigger=0;root=0;negative=0;noise=0;verified(1h=0,1d=1);query=zinc smelter shutdown 2026 Reuters",external
ZINC,2025-12-15T08:00:00Z,korea zinc plans 7 4bn us minerals refinery with washington s backing,https://news.google.com/rss/articles/CBMiswFBVV95cUxNVl8zUDV5WHlNNGxmeUtiT3ROS2lXOXdFQTF4MGIxSUlNdWx4ZTF5OFlFbUpXTUN1cUlyNThvX2piTDRPY2RhaGRXcGhibm5xdGZxS3VZa3lKODBKRDhhSnhmbkZyaVNndHBGU3NKcE80azF4WG0waFpVRTZieG1UUHg5MmEzRzk1ZWREenZXX2c5WWo2Sl84eXVSUUdmZDdGcXlRVUVaT0FlcU0wRjZCZ1ZRNNIBuAFBVV95cUxNTTVnRGhENXdSUTN4Vm52YUpid0tCelh3UjlYMGFNUzMySG04ajA4c2ZiQ3p6WDhwcFNVODlvaGNEZF9yT2ZSQ0xTUVZSVHYyVGNhNjFCcHc0TjAtM1VSU25hT0dSQ1RsU0xMYTZuTm5yRFlZTVFUZDJBaTByc1l6bHU1eGk1TkI4UU5pNTNTOGxQZFlfTHVDWHJxZnVLU0tjZ0RKNEFQbmRRbzVsb0UtNWF0N2d3THJr?oc=5,Al Jazeera,google_rss,,,unknown,unknown,False,0.45,0.45,0.55,0.0,2.0525173496601807,False,True,0.6013129337415045,3.411564668707523,False,True,False,"source=external;trusted=1;anchor=1;trigger=0;root=0;negative=0;noise=0;verified(1h=0,1d=1);query=zinc smelter shutdown 2026 Reuters",external
ZINC,2026-02-12T18:00:00Z,Chinese zinc and lead smelters rely on byproducts in 2026,https://www.fastmarkets.com/insights/chinese-zinc-and-lead-smelters-rely-on-byproducts-in-2026/,fastmarkets.com,gdelt,,,unknown,unknown,False,0.0,0.1,0.35,2.4534242422546204,3.504868429736821,True,True,1.0876217107434203,2.760608553717103,False,True,False,"source=internal;trusted=1;anchor=1;trigger=0;root=0;negative=0;noise=0;verified(1h=1,1d=1);query=nan",internal
ZINC,2026-03-02T06:30:00Z,MCX Zinc Futures : Wait for a breakout to go long - The HinduBusinessLine,https://www.thehindubusinessline.com/portfolio/technical-analysis/commodity-calls/mcx-zinc-futures-wait-for-a-breakout-to-go-long/article70694058.ece,thehindubusinessline.com,gdelt,,,unknown,unknown,False,0.0,0.1,0.35,0.0,2.1325598831050754,False,True,0.6033139970776269,2.0490699853881345,False,True,False,"source=internal;trusted=1;anchor=1;trigger=0;root=0;negative=0;noise=0;verified(1h=0,1d=1);query=nan",internal
ZINC,2025-12-18T06:15:00Z,Zinc futures find support - The HinduBusinessLine,https://www.thehindubusinessline.com/portfolio/technical-analysis/commodity-calls/zinc-futures-find-support/article70410199.ece,thehindubusinessline.com,gdelt,,,unknown,unknown,False,0.0,0.1,0.35,0.0,1.584126720014275,False,True,0.589603168000357,1.9805158400017848,False,True,False,"source=internal;trusted=1;anchor=1;trigger=0;root=0;negative=0;noise=0;verified(1h=0,1d=1);query=nan",internal
ZINC,2025-12-19T08:00:00Z,critical minerals report 12 19 2025 china s rare earth exports jump 26 5 lithium rallies and washington backs washington backs korea zinc s 7 4bn u s refinery,https://news.google.com/rss/articles/CBMitwJBVV95cUxOTFN5V042R1BHLW52dzNtSkZYdmxHV1VDcUk1QklQLXVyU0FsQ2Q1aE9VTG50M3JwSkluZG9KQ3J4eVJ4aDN3aTVPUUF5akltYVNzdFRQRXVJMGVBNm8xQ09rUjB1NENfOXZQTFRNWVhJSjNpS1FxejhRc3REdEtnM3ZyWHFjaEN2cW41M2xRLUFLakEyQ1N5QTlEak5RNFNfa2dPcFdHRDh4NTRCaGJ3RjBpTVlhNDluMlRJdmJyVnF1ZzRIVFZRelpQbVZ2bV9Wd0YyYjJsc1M1NW5fT1ItOGtRbkZsU0VyczFSS0lwa0xsNHZBXzVhdTVReUI4ejBRWGlicGZVa2VTZEhwWjlkV2ExMXVsU3o3SGs5ZWhsenR0aGdqRmRmLTEtYWVZdDNCNmhBR0c3cw?oc=5,InvestorNews,google_rss,,,unknown,unknown,False,0.45,0.45,0.55,0.0,1.824703608288764,False,True,0.5956175902072192,3.033087951036096,False,False,False,"source=external;trusted=0;anchor=1;trigger=0;root=0;negative=0;noise=0;verified(1h=0,1d=1);query=zinc mine closure supply 2026 Reuters",external
ZINC,2026-01-05T11:00:00Z,Future Price Trend Insights : 2026 Zinc Ingot Long - Term Contract Price Summary [ SMM Analysis ],https://news.metal.com/newscontent/103702194/future-price-trend-insights-2026-zinc-ingot-long-term-contract-price-summary-smm-analysis,news.metal.com,gdelt,,,unknown,unknown,False,0.0,0.1,0.35,0.0,3.2084179769346126,False,True,0.6302104494233653,1.8335522471168264,False,False,False,"source=internal;trusted=0;anchor=1;trigger=0;root=0;negative=0;noise=0;verified(1h=0,1d=1);query=nan",internal
ZINC,2026-01-21T16:15:00Z,Korea Zinc $7 . 4B Investment to Transform Middle Tennessee Region,https://www.el-balad.com/6828700,el-balad.com,gdelt,,,unknown,unknown,False,0.0,0.1,0.35,0.0,3.102955432186496,False,True,0.6275738858046624,1.820369429023312,False,False,False,"source=internal;trusted=0;anchor=1;trigger=0;root=0;negative=0;noise=0;verified(1h=0,1d=1);query=nan",internal
ZINC,2026-02-06T03:45:00Z,"Fracasa la fusión entre Rio Tinto y la corporación propiedad de Asturiana de Zinc , los dos gigantes de la minería a escala mundial",https://www.lne.es/aviles/2026/02/06/fracasa-fusion-rio-tinto-corporacion-126499275.html,lne.es,gdelt,,,unknown,unknown,False,0.0,0.1,0.35,0.0,2.277309736279101,False,True,0.6069327434069776,1.7171637170348877,False,False,False,"source=internal;trusted=0;anchor=1;trigger=0;root=0;negative=0;noise=0;verified(1h=0,1d=1);query=nan",internal
ZINC,2026-02-01T10:30:00Z,"Hindustan Zinc , NALCO to Hind Copper : Metal stocks crash up to 19 % on MCX gold , silver price rout on Budget Day",https://www.livemint.com/market/stock-market-news/budget-2026-hindustan-zinc-nalco-to-hind-copper-metal-stocks-crash-up-to-19-on-fall-in-mcx-gold-price-silver-rate-11769935264687.html,livemint.com,gdelt,,,unknown,unknown,False,0.0,0.1,0.35,0.0,2.222412080239422,False,True,0.6055603020059857,1.710301510029928,False,False,False,"source=internal;trusted=0;anchor=1;trigger=0;root=0;negative=0;noise=0;verified(1h=0,1d=1);query=nan",internal
ZINC,2025-12-23T00:30:00Z,The Worldfolio : How Korea Zinc Emerged as a Critical Linchpin in U . S . National Security ?,https://www.theworldfolio.com/news/the-indispensable-linchpin-for-us-national-security/5315/,theworldfolio.com,gdelt,,,unknown,unknown,False,0.0,0.1,0.35,0.0,1.9691366814847,False,True,0.5992284170371176,1.6786420851855874,False,False,False,"source=internal;trusted=0;anchor=1;trigger=0;root=0;negative=0;noise=0;verified(1h=0,1d=1);query=nan",internal
ZINC,2025-12-18T06:30:00Z,Inside Washington rare bet on Korea Zinc - The Korea Herald,https://www.koreaherald.com/article/10639363,koreaherald.com,gdelt,,,unknown,unknown,False,0.0,0.1,0.35,0.0,1.584126720014275,False,True,0.589603168000357,1.6305158400017843,False,False,False,"source=internal;trusted=0;anchor=1;trigger=0;root=0;negative=0;noise=0;verified(1h=0,1d=1);query=nan",internal
WHEAT,2025-12-17T12:15:00Z,"Australia to reap larger wheat crop , export restrictions to counter supply pressure",https://www.hellenicshippingnews.com/australia-to-reap-larger-wheat-crop-export-restrictions-to-counter-supply-pressure/,hellenicshippingnews.com,gdelt,grain_export_restriction,producer:russia->wheat_export_supply->WHEAT,unknown,unknown,False,0.0,0.1,0.35,2.478196500511322,2.478196500511322,True,True,1.061954912512783,4.682274562563915,True,True,False,"source=internal;trusted=1;anchor=1;trigger=1;root=1;negative=0;noise=0;verified(1h=1,1d=1);query=nan",internal
WHEAT,2026-02-27T12:03:24Z,usda projects us soybean gains as corn wheat production softens in 2026 27,https://news.google.com/rss/articles/CBMinwFBVV95cUxPNkdWdEtfMmswUjUtWUdrSVlpSkN4Sk81T1J6RHVUSms2aEl4bXdpb0NmbWdKaVkwZ09yaFVWUVowcWd3cVZZNkJuVjlGcmVUZ0ZiVGJGSktzRXdhRjV6YmM3dWo4ek8xbmxXZjlpSkxFVXkzTXdmYjNoUkhmVHV4UHhtbHRKVFpTVGZfMFRvcWVfV2JZZXVpS1BVWWl6UUE?oc=5,Milling Middle East & Africa,google_rss,grain_export_restriction,producer:russia->wheat_export_supply->WHEAT,unknown,unknown,False,0.45,0.45,0.55,2.461324815203344,2.461324815203344,True,True,1.0615331203800835,5.052665601900418,True,False,False,"source=external;trusted=0;anchor=1;trigger=0;root=1;negative=0;noise=0;verified(1h=1,1d=1);query=USDA wheat crop outlook export 2026",external
WHEAT,2026-03-02T14:52:00Z,the great grain pivot usda forecasts record soy surge as corn retreats in 2026,https://news.google.com/rss/articles/CBMi2AFBVV95cUxPTlduS3UwdENvTkdlUk9ob09YRHdjUmhHenpoLTZGR21TSjRlbjlKTllDNnVPNGFxZVR1M3BXQkZrMjVtWmVxOW41cnliamV4NDNzLW5uanE3Z0taRS1VMVl6Y3pNVml4bE5XYUU1VWZMTWwtUXdNbzRrVnVwRE80cE1hUk5PRUdZVC1MVExiVF9KbVhkVnRUajlDOWlSejE0eVFhWVlPX09aQ3FFWmRwVG1rZ25adW1XeFBFbG90bW1WNnBDNGxWRklUTkFFOWNqTFJwUWZ5ajA?oc=5,FinancialContent,google_rss,grain_export_restriction,producer:russia->wheat_export_supply->WHEAT,unknown,unknown,False,0.45,0.45,0.55,2.0856342819294373,2.113803531804309,True,True,1.0528450882951077,5.009225441475539,True,False,False,"source=external;trusted=0;anchor=1;trigger=0;root=1;negative=0;noise=0;verified(1h=1,1d=1);query=USDA wheat crop outlook export 2026",external
WHEAT,2026-01-20T14:45:43Z,higher supplies cap grain rallies as corn bears the brunt of usda reports,https://news.google.com/rss/articles/CBMiwwFBVV95cUxNR292aE5yN3RESmpScnFQMjRrN3duRWZQdTRnQXBDZ25CVjV3VUFPbUZLalQ4Z2hrWlJjLVVaZmFEY0lsN19MVzBVeENNZ2NrdnVRQW56alRXYW81b3NyV3RoUmp0UDByU2VUcEQtZW1PczQ0UC1EYTdQanM4c1Z1cGxBMGlxTlozT3U0MzVSVzc4NERpdk9zZVFDbzM5RVpqczRYT3pjcWlBeUlLMTFyc1RPR29fQXJwRTNTZEwzeHdwU00?oc=5,Oklahoma Farm Report,google_rss,grain_export_restriction,producer:russia->wheat_export_supply->WHEAT,unknown,unknown,False,0.45,0.45,0.55,1.3220339698359944,1.992392249182568,True,True,1.0498098062295642,4.994049031147821,True,False,False,"source=external;trusted=0;anchor=1;trigger=0;root=1;negative=0;noise=0;verified(1h=1,1d=1);query=USDA wheat crop outlook export 2026",external
WHEAT,2026-01-12T08:00:00Z,january 12 usda reports comments bearish for corn soybeans wheat,https://news.google.com/rss/articles/CBMikwFBVV95cUxPYlFTSFYwT2ZRTHJ3MHFfTThiX19Rd1RXcU9DTmVUcmllUlllb3RCci1GVVFzWFp4ejB6NHY2cF9lazJsUWpxZmZIOUxlSUltblRVbzJJRVk5N2ltUjRBcFRQcFlOMTh0N19aZ3FxZkdEd05hSThDaTROTjNxUjNWeFNlY1NXVlBsSkJrM1BFX3JBdzg?oc=5,Ohio Ag Net,google_rss,grain_export_restriction,producer:russia->wheat_export_supply->WHEAT,unknown,unknown,False,0.45,0.45,0.55,0.0,2.1754323172441405,False,True,0.6043858079311035,4.476929039655518,True,False,False,"source=external;trusted=0;anchor=1;trigger=0;root=1;negative=0;noise=0;verified(1h=0,1d=1);query=USDA wheat crop outlook export 2026",external
WHEAT,2026-02-20T08:00:00Z,usda forecasts acreage jump for soybeans declines for corn and wheat in 2026,https://news.google.com/rss/articles/CBMirgFBVV95cUxNd0djOUFETTY5T0NWbzh6ekJFSGRUX1UwZU02ZzhNZk5oRjFmaXpXUlpJN1p0WXJ1a09xS1NEQnlHMHZLTll3dXItUEVnUFA2REVvR3FwVjFFR1l3U1pVNEpjMTVmNUlHMWJDTzZ0dk53TmNZTlZQZ2FOQ1hDWlBoTDdRbHI1WHBibmw2SlJwZnJic2s2SFpHTUozU1NUR2VrUTQ5TVRtOVA3T0ktT2c?oc=5,Michigan Farm News,google_rss,grain_export_restriction,producer:russia->wheat_export_supply->WHEAT,unknown,unknown,False,0.45,0.45,0.55,0.0,2.1024308548349104,False,True,0.6025607713708728,4.467803856854364,True,False,False,"source=external;trusted=0;anchor=1;trigger=0;root=1;negative=0;noise=0;verified(1h=0,1d=1);query=USDA wheat crop outlook export 2026",external
WHEAT,2025-12-26T15:15:00Z,FinancialContent - Harvest of Uncertainty : Global Grain Markets Navigate Supply Gluts and Biofuel Shifts as 2025 Draws to a Close,https://markets.financialcontent.com/stocks/article/marketminute-2025-12-26-harvest-of-uncertainty-global-grain-markets-navigate-supply-gluts-and-biofuel-shifts-as-2025-draws-to-a-close,markets.financialcontent.com,gdelt,grain_export_restriction,producer:russia->wheat_export_supply->WHEAT,unknown,unknown,False,0.0,0.1,0.35,2.7661053200259524,2.7661053200259524,True,True,1.0691526330006489,4.368263165003245,True,False,False,"source=internal;trusted=0;anchor=1;trigger=1;root=1;negative=0;noise=0;verified(1h=1,1d=1);query=nan",internal
WHEAT,2025-12-26T14:45:00Z,UK barley harvest hits lowest level since 2012 | The Scottish Farmer,https://www.thescottishfarmer.co.uk/arable/25717172.uk-barley-harvest-hits-lowest-level-since-2012/,thescottishfarmer.co.uk,gdelt,grain_export_restriction,producer:russia->wheat_export_supply->WHEAT,unknown,unknown,False,0.0,0.1,0.35,2.7661053200259524,2.7661053200259524,True,True,1.0691526330006489,4.368263165003245,True,False,False,"source=internal;trusted=0;anchor=1;trigger=1;root=1;negative=0;noise=0;verified(1h=1,1d=1);query=nan",internal
WHEAT,2025-12-20T01:00:00Z,Wheat heads for biggest weekly fall since June on ample supply,https://www.zawya.com/en/economy/global/wheat-heads-for-biggest-weekly-fall-since-june-on-ample-supply-kjsguxlb,zawya.com,gdelt,,,unknown,unknown,False,0.0,0.1,0.35,0.0,1.7914019939502022,False,True,0.5947850498487551,2.6564252492437754,False,True,False,"source=internal;trusted=1;anchor=1;trigger=1;root=0;negative=0;noise=0;verified(1h=0,1d=1);query=nan",internal
WHEAT,2026-02-13T08:00:00Z,india allows wheat and sugar exports to placate farmers amid us trade deal protests,https://news.google.com/rss/articles/CBMirAFBVV95cUxOeDNCbzJ3Z3pQLUpGcDFVZ1hwc2E1c19ac2dRRnFWSTI2M2M1c0ZUVVdJZV9iYTZ5QUtpREtWTC1jWjhNU3NMck81QWlKQ3IwcEwyM3FkcmdTQmluckZFZm5mN3gzMWg4Tmt2RHRLV2c0aUNJMC1ETXJMajVCaGg0UFlZbDcwRndZTFlJRHkxZHZHeE5fS095T0ZtWjU5VWNzZTN6MzE0Z1JBSjBn?oc=5,Reuters,google_rss,,,unknown,unknown,False,0.45,0.45,0.55,0.0,3.3899287925666464,False,True,0.6347482198141662,3.578741099070831,False,True,False,"source=external;trusted=1;anchor=1;trigger=0;root=0;negative=0;noise=0;verified(1h=0,1d=1);query=india sugar export quota 2026 Reuters",external
WHEAT,2026-02-26T01:41:48Z,daily market wire 26 february 2026,https://news.google.com/rss/articles/CBMifEFVX3lxTE1WNkhlZE4zVTdMdjBKbV9KZ3BWbDRxZ01qUHdUWkZnS1pURzRuOXhaa3ZzVUNpWGdpa1RfT0g0VnZ6dTBDU1JSejFRM1dEcDdOV1k0Y2FBbC1qd2g3cy1JOGtVQnp6cDJqNDVOMjZTcWE4MXBhLVRtdmFFaXg?oc=5,Grain Central,google_rss,,,unknown,unknown,False,0.45,0.45,0.55,0.0,2.263882284810752,False,True,0.6065970571202688,3.437985285601344,False,True,False,"source=external;trusted=1;anchor=1;trigger=0;root=0;negative=0;noise=0;verified(1h=0,1d=1);query=USDA wheat crop outlook export 2026",external
WHEAT,2026-02-19T08:00:00Z,ukraine s grain iron ore exports hit by russian strikes on ports this winter,https://news.google.com/rss/articles/CBMivgFBVV95cUxON1dTVDhxbVNCeHFfWkZ6WWdvcHBIb2FyZUlaX3NpQkszTEtvUzVZX2U0aFVQZ1I5Y1N4N3BKTmw3THBUbkdmZzNMZ0dJdkRETnZHZUF0M3QtejdjX1NFRUJUVkExSHVNdTNZNTVvNFpzcGN2dHpfeUdEbTZkSTBibGdtb0xOV1VYSHdaNVAyay1NLVk5Ukhic0FIdEJ0UGxWNFdwN2JIVnl5NFVnRmo3UlVfbml5YTBQVkgzQjdB?oc=5,Reuters,google_rss,,,unknown,unknown,False,0.45,0.45,0.55,0.0,2.1340735613286093,False,True,0.6033518390332153,3.4217591951660764,False,True,False,"source=external;trusted=1;anchor=1;trigger=0;root=0;negative=0;noise=0;verified(1h=0,1d=1);query=black sea grain corridor wheat export 2026 Reuters",external
WHEAT,2025-12-23T12:00:00Z,Russian wheat output expected to fall as farmers pivot to oilseeds | Hellenic Shipping News Worldwide,https://www.hellenicshippingnews.com/russian-wheat-output-expected-to-fall-as-farmers-pivot-to-oilseeds/,hellenicshippingnews.com,gdelt,,,unknown,unknown,False,0.0,0.1,0.35,1.7814747089661658,3.5023343205531083,True,True,1.0875583580138275,2.7602917900691386,False,True,False,"source=internal;trusted=1;anchor=1;trigger=0;root=0;negative=0;noise=0;verified(1h=1,1d=1);query=nan",internal
WHEAT,2025-12-18T11:30:00Z,Wheat holds near 8 - week lows after China cancels purchases from US | Hellenic Shipping News Worldwide,https://www.hellenicshippingnews.com/wheat-holds-near-8-week-lows-after-china-cancels-purchases-from-us/,hellenicshippingnews.com,gdelt,,,unknown,unknown,False,0.0,0.1,0.35,1.7189048296791758,2.340366539397551,True,True,1.0585091634849388,2.615045817424694,False,True,False,"source=internal;trusted=1;anchor=1;trigger=0;root=0;negative=0;noise=0;verified(1h=1,1d=1);query=nan",internal
WHEAT,2026-03-04T19:00:00Z,"Iran strikes nudge wheat market , analysts say",https://capitalpress.com/2026/03/04/iran-strikes-nudge-wheat-market-analysts-say/,capitalpress.com,gdelt,,,unknown,unknown,False,0.0,0.1,0.35,1.836618587032402,2.110971493728344,True,True,1.0527742873432089,2.586371436716043,False,True,False,"source=internal;trusted=1;anchor=1;trigger=0;root=0;negative=0;noise=0;verified(1h=1,1d=1);query=nan",internal
WHEAT,2026-02-09T04:15:00Z,Daily Market Wire 9 February 2026 - Grain Central,https://www.graincentral.com/markets/daily-market-wire-9-february-2026/,graincentral.com,gdelt,,,unknown,unknown,False,0.0,0.1,0.35,0.0,2.69972474373884,False,True,0.617493118593471,2.1199655929673558,False,True,False,"source=internal;trusted=1;anchor=1;trigger=0;root=0;negative=0;noise=0;verified(1h=0,1d=1);query=nan",internal
WHEAT,2026-03-01T21:00:00Z,US wheat futures surge to multimonth highs amid geopolitical tensions | Hellenic Shipping News Worldwide,https://www.hellenicshippingnews.com/us-wheat-futures-surge-to-multimonth-highs-amid-geopolitical-tensions/,hellenicshippingnews.com,gdelt,,,unknown,unknown,False,0.0,0.1,0.35,0.0,2.113803531804309,False,True,0.6028450882951077,2.0467254414755387,False,True,False,"source=internal;trusted=1;anchor=1;trigger=0;root=0;negative=0;noise=0;verified(1h=0,1d=1);query=nan",internal
WHEAT,2026-02-13T08:00:00Z,government clears export of 25 lakh tonnes of wheat,https://news.google.com/rss/articles/CBMipwFBVV95cUxNQUw1RlNnNTM3aU5USlFrVmsyUUxhcElTbU42UU81dzFRV3R6TjhjY2F3UjBIZzNZdTFQaFVhbEVJVUpjRWI3d0s3UlgtQ3l6dGJ6V2QwUzFTX1RCMFUwdWFRdzZlaVZvbm9Dd0tsR3o1dmFaQTlpaG5UTzJieFVraGlQN2RYWUlBN1JzM3daMmIzaVNXeTdjYlR0Uk4xSTdyYkk0SUxaTdIBrgFBVV95cUxOWktiN1YwMEVmZWhCSjhHSTA4MGE5MTRicndJMTFGeFR3RnR4UmFjZk16MWEyNmlzM2UzalhvbVJyT3ZMRGZrbU1vdllDZnBqOXlRbVE5dnFxcmVwNDh1QUswLTNNcDdXTS1YZmVBMlI2QXUyMUlYa2JtMmVTUHF0RzBxOGVlYkpYdk5GZ0hnQzhPUHVsZERCLVJxeHRmTTNJMGdTWV9Mem41UzFseWc?oc=5,The Hindu,google_rss,,,unknown,unknown,False,0.45,0.45,0.55,0.0,3.3899287925666464,False,True,0.6347482198141662,3.878741099070831,False,False,False,"source=external;trusted=0;anchor=1;trigger=1;root=0;negative=0;noise=0;verified(1h=0,1d=1);query=india sugar export quota 2026 Reuters",external
WHEAT,2025-12-08T08:00:00Z,strong supply to keep wheat prices capped,https://news.google.com/rss/articles/CBMifkFVX3lxTE9PQ3JTZFN6WmpSUUF0eXFBNkg2YzJqY0lvZWsxN25SRmhabXpCUGN4aFRpNUl0Wms5OElrVEZKRE16aWx0eDdQd292c0RLenZUVldTdllSRG5telRqZ3N0aEx5Zm96cWFISFAzM0k3THd3cElQbmtpWi1QdGFIUQ?oc=5,ING THINK economic and financial analysis | ING THINK,google_rss,,,unknown,unknown,False,0.45,0.45,0.55,0.0,1.5275517661089215,False,True,0.5881887941527231,3.645943970763615,False,False,False,"source=external;trusted=0;anchor=1;trigger=1;root=0;negative=0;noise=0;verified(1h=0,1d=1);query=USDA wheat crop outlook export 2026",external
WHEAT,2026-03-04T01:15:00Z,Global grain markets enter March with momentum building | The Land,https://www.theland.com.au/story/9188438/global-grain-markets-enter-march-with-momentum-building/,theland.com.au,gdelt,,,unknown,unknown,False,0.0,1.0,0.977181,0.0,2.3581757579581075,False,True,0.6089543939489528,3.385375819744764,False,False,False,"source=internal;trusted=0;anchor=1;trigger=0;root=0;negative=0;noise=0;verified(1h=0,1d=1);query=nan",internal
SUGAR,2026-02-12T22:15:00Z,Brazil to rebuild ethanol stocks in new harvest after 21 % drop in 2025 - 2026,http://www.hydrocarbonprocessing.com/news/2026/02/brazil-to-rebuild-ethanol-stocks-in-new-harvest-after-21-drop-in-2025-2026/,hydrocarbonprocessing.com,gdelt,sugar_export_restriction,producer:india->sugar_export_supply->SUGAR,unknown,unknown,False,0.0,0.1,0.35,0.0,2.4850536197107904,False,True,0.6121263404927698,3.7931317024638487,True,False,False,"source=internal;trusted=0;anchor=1;trigger=1;root=1;negative=0;noise=0;verified(1h=0,1d=1);query=nan",internal
SUGAR,2026-03-01T01:30:00Z,Sugar Prices Fall on the Outlook for a Global Sugar Surplus,https://finance.yahoo.com/news/sugar-prices-fall-outlook-global-192542055.html,finance.yahoo.com,gdelt,sugar_export_restriction,producer:india->sugar_export_supply->SUGAR,unknown,unknown,False,0.0,0.1,0.35,0.0,1.5302055783569308,False,True,0.5882551394589233,3.0237756972946164,True,False,False,"source=internal;trusted=0;anchor=1;trigger=0;root=1;negative=0;noise=0;verified(1h=0,1d=1);query=nan",internal
SUGAR,2026-02-13T08:00:00Z,india allows wheat and sugar exports to placate farmers amid us trade deal protests,https://news.google.com/rss/articles/CBMirAFBVV95cUxOeDNCbzJ3Z3pQLUpGcDFVZ1hwc2E1c19ac2dRRnFWSTI2M2M1c0ZUVVdJZV9iYTZ5QUtpREtWTC1jWjhNU3NMck81QWlKQ3IwcEwyM3FkcmdTQmluckZFZm5mN3gzMWg4Tmt2RHRLV2c0aUNJMC1ETXJMajVCaGg0UFlZbDcwRndZTFlJRHkxZHZHeE5fS095T0ZtWjU5VWNzZTN6MzE0Z1JBSjBn?oc=5,Reuters,google_rss,,,unknown,unknown,False,0.45,0.45,0.55,0.0,2.4850536197107904,False,True,0.6121263404927698,3.465631702463849,False,True,False,"source=external;trusted=1;anchor=1;trigger=0;root=0;negative=0;noise=0;verified(1h=0,1d=1);query=india sugar export quota 2026 Reuters",external
SUGAR,2026-02-16T08:00:00Z,india s sugar exports reach 2 01 lakh tonnes till february in 2026 my aista,https://news.google.com/rss/articles/CBMi6wFBVV95cUxON3FCdzlvNkNoNnRObENCZ09HWWc3YUU3Tmw5ZnlIMHZ1dHV6OFhwU1BicmNKMmNxNEw1ZHVPSEh5bFoyS2dRS2lrZmtZVnV4czYyUGVYV21McVllRUx2T2tBRzExZlA5YXBFUk5TREM0Wmtuc2FDTDNGTVdXRUZUTmJ4R2hXbVgyTWN6RDFLaHJfcFFPUXlCNVg5N0xNcFZPVHFJQ3ZRdHJWY3NqRFZWLTlicUFtR3NEcS1XS3pTcTN4aHBaRzNGTGNTc1ZKUXlXckJ6eXpsNjlCOW1SdGszRjdSYk0zQzZJUkNJ0gHwAUFVX3lxTE81QWRlMklROFdXZG80SFF0TndjWm5WUXJmcGdDMjlSbVBaX0ZsdUJnX3dMTDNydW1hOE9wQXpkRVdBUkVwaTdJZXBLN2Jral9NUmJsQVZBajMyX0JhazZZbzZjNVFJUWw2dmt4QkRIVldMLXh4T0FwbHRsTWl5Z2lpNlJXSzBwek9PeTJ1dk9oenBPQ2hIZXdDN3dja2ZUNmR2dGpzUjJGdnBiNzRBTWNsZUNVLXJZTUxkdFE1X0hJZ3lGY2FmZVY3S3lNa3JyQmpxcG5pUUQ3UXpRaDBKV05pQTdqWWRDUm5MWGFEQ3pCTQ?oc=5,The Economic Times,google_rss,,,unknown,unknown,False,0.45,0.45,0.55,0.0,1.577546145275192,False,True,0.5894386536318799,3.3521932681593998,False,True,False,"source=external;trusted=1;anchor=1;trigger=0;root=0;negative=0;noise=0;verified(1h=0,1d=1);query=india sugar export quota 2026 Reuters",external
SUGAR,2026-02-26T07:53:41Z,"Thursday's papers: Gold rush payoffs, Finns mourn sugar firm's plans, and luxury cars blocking trams",https://yle.fi/a/74-20212421,YLE News,newsapi,,,unknown,unknown,False,0.0,0.553428,0.477891,0.0,1.3332467829222776,False,True,0.583331169573057,2.274648197865285,False,False,False,"source=internal;trusted=0;anchor=1;trigger=0;root=0;negative=0;noise=0;verified(1h=0,1d=1);query=nan",internal
SUGAR,2026-02-17T01:00:00Z,"Hippo Valley expands sugar exports to united states , EU markets",https://www.newzimbabwe.com/hippo-valley-expands-sugar-exports-to-usa-eu-markets/,newzimbabwe.com,gdelt,,,unknown,unknown,False,0.0,0.1,0.35,0.0,3.4491656351695683,False,True,0.6362291408792393,1.863645704396196,False,False,False,"source=internal;trusted=0;anchor=1;trigger=0;root=0;negative=0;noise=0;verified(1h=0,1d=1);query=nan",internal
SUGAR,2026-02-08T04:45:00Z,"CARICOM private sector backs sugar refineries in Guyana , Belize",https://kaieteurnewsonline.com/2026/02/08/caricom-private-sector-backs-sugar-refineries-in-guyana-belize/,kaieteurnewsonline.com,gdelt,,,unknown,unknown,False,0.0,0.1,0.35,0.0,2.131016207172348,False,True,0.6032754051793088,1.6988770258965435,False,False,False,"source=internal;trusted=0;anchor=1;trigger=0;root=0;negative=0;noise=0;verified(1h=0,1d=1);query=nan",internal
SUGAR,2026-03-02T21:00:00Z,Sugar Prices Rise Ahead of Iran War Fears,http://www.maritimeprofessional.com/news/sugar-prices-rise-ahead-iran-416319,maritimeprofessional.com,gdelt,,,unknown,unknown,False,0.0,0.1,0.35,0.0,2.045433946578997,False,True,0.601135848664475,1.6881792433223746,False,False,False,"source=internal;trusted=0;anchor=1;trigger=0;root=0;negative=0;noise=0;verified(1h=0,1d=1);query=nan",internal
SUGAR,2026-03-04T07:00:00Z,Sugar Prices Supported by Strength in Crude Oil,https://finance.yahoo.com/news/sugar-prices-supported-strength-crude-192616657.html,finance.yahoo.com,gdelt,,,unknown,unknown,False,0.0,0.1,0.35,0.0,1.972870146559147,False,True,0.5993217536639788,1.6791087683198933,False,False,False,"source=internal;trusted=0;anchor=1;trigger=0;root=0;negative=0;noise=0;verified(1h=0,1d=1);query=nan",internal
SUGAR,2026-02-10T04:30:00Z,"Lacson looks forward to Congress policy on sugar , agri importation",https://visayandailystar.com/lacson-looks-forward-to-congress-policy-on-sugar-agri-importation/,visayandailystar.com,gdelt,,,unknown,unknown,False,0.0,0.1,0.35,0.0,1.921158029088613,False,True,0.5980289507272154,1.672644753636077,False,False,False,"source=internal;trusted=0;anchor=1;trigger=0;root=0;negative=0;noise=0;verified(1h=0,1d=1);query=nan",internal
SUGAR,2026-02-04T06:15:00Z,Abundant Global Supplies Weigh on Sugar Prices,https://finance.yahoo.com/news/abundant-global-supplies-weigh-sugar-192819786.html,finance.yahoo.com,gdelt,,,unknown,unknown,False,0.0,0.1,0.35,0.0,1.6797675121503413,False,True,0.5919941878037586,1.6424709390187928,False,False,False,"source=internal;trusted=0;anchor=1;trigger=0;root=0;negative=0;noise=0;verified(1h=0,1d=1);query=nan",internal
SUGAR,2026-02-12T04:30:00Z,There Nothing Sweet About This Sugar : How Much Lower Will Prices Go ?,https://finance.yahoo.com/news/nothing-sweet-sugar-much-lower-171204447.html,finance.yahoo.com,gdelt,,,unknown,unknown,False,0.0,0.1,0.35,0.0,1.530635215873518,False,True,0.588265880396838,1.6238294019841897,False,False,False,"source=internal;trusted=0;anchor=1;trigger=0;root=0;negative=0;noise=0;verified(1h=0,1d=1);query=nan",internal
SUGAR,2026-02-11T22:00:00Z,"Sugar council , NEXIM partner on long - term financing to curb import dependence",https://www.thecable.ng/sugar-council-nexim-partner-on-long-term-financing-to-curb-import-dependence/,thecable.ng,gdelt,,,unknown,unknown,False,0.0,0.1,0.35,0.0,1.530635215873518,False,True,0.588265880396838,1.6238294019841897,False,False,False,"source=internal;trusted=0;anchor=1;trigger=0;root=0;negative=0;noise=0;verified(1h=0,1d=1);query=nan",internal
SUGAR,2026-01-24T01:00:00Z,P20B in revenue potentially lost by June – sugar farmers,https://visayandailystar.com/p20b-in-revenue-potentially-lost-by-june-sugar-farmers/,visayandailystar.com,gdelt,,,unknown,unknown,False,0.0,0.1,0.35,0.0,1.5305930301646031,False,True,0.5882648257541151,1.6238241287705757,False,False,False,"source=internal;trusted=0;anchor=1;trigger=0;root=0;negative=0;noise=0;verified(1h=0,1d=1);query=nan",internal
SUGAR,2026-03-01T00:30:00Z,Sugar Prices Slightly Lower on Adequate Global Supplies,https://finance.yahoo.com/news/sugar-prices-slightly-lower-adequate-172726144.html,finance.yahoo.com,gdelt,,,unknown,unknown,False,0.0,0.1,0.35,0.0,1.5302055783569308,False,True,0.5882551394589233,1.6237756972946165,False,False,False,"source=internal;trusted=0;anchor=1;trigger=0;root=0;negative=0;noise=0;verified(1h=0,1d=1);query=nan",internal
SUGAR,2026-02-25T20:15:00Z,House launches probe into collapse of millgate price of domestic sugar,https://www.bworldonline.com/economy/2026/02/25/732868/house-launches-probe-into-collapse-of-millgate-price-of-domestic-sugar/,bworldonline.com,gdelt,,,unknown,unknown,False,0.0,0.1,0.35,0.0,1.3332467829222776,False,True,0.583331169573057,1.5991558478652848,False,False,False,"source=internal;trusted=0;anchor=1;trigger=0;root=0;negative=0;noise=0;verified(1h=0,1d=1);query=nan",internal
SUGAR,2026-02-25T11:30:00Z,Bajaj mill shuts in Pilibhit with Rs 152 . 9cr cane dues pending | Bareilly News,https://timesofindia.indiatimes.com/city/bareilly/bajaj-mill-shuts-in-pilibhit-with-rs-152-9cr-cane-dues-pending/articleshow/128779173.cms,timesofindia.indiatimes.com,gdelt,,,unknown,unknown,False,0.0,0.1,0.35,0.0,1.3332467829222776,False,True,0.583331169573057,1.5991558478652848,False,False,False,"source=internal;trusted=0;anchor=1;trigger=0;root=0;negative=0;noise=0;verified(1h=0,1d=1);query=nan",internal
SUGAR,2026-01-23T04:45:00Z,Sugar Prices Recover on Brazilian Real Strength,https://finance.yahoo.com/news/sugar-prices-recover-brazilian-real-172903284.html,finance.yahoo.com,gdelt,,,unknown,unknown,False,0.0,0.1,0.35,0.0,1.2698098840547882,False,True,0.5817452471013698,1.5912262355068485,False,False,False,"source=internal;trusted=0;anchor=1;trigger=0;root=0;negative=0;noise=0;verified(1h=0,1d=1);query=nan",internal
SUGAR,2026-02-18T08:00:00Z,indian sugar production faces setbacks as excessive rainfall impacts yield,https://news.google.com/rss/articles/CBMiyAFBVV95cUxPdUQ5SlQzcDUxcVN2Zk13Z3ZQUkNnTGNTZHYtbWJNTU1EdWNUbEdOUmwwRGx5MDB3REtJREdmdGVZWWFzRXNIMlQwZDJvV2RPX2U4RW1SY1ZEQWZxY0s0Q2YwNXJnR3FvUThLTmx2eG9CcVp0T3NzTzZMLW93WEktdlItUVZoaWMyVUllb2Z3c0pVeHZKeXdmR2VIcTRwWl9BbldMeTZXbkdWZ21NRmlrUUlqY01zTDFmSzAyTnhEaWR3Sm93b3F4UtIBzgFBVV95cUxPV29RVHFsLW9wODZ0TjdHbWRiWEpDVlpIT2I0QnhEQUhhVVppcTdBbGRINmE0SU44ZGxiMXlzUk4tMFEweFV0NzhXQ1pfVmhKNHpSdkpXSnpvb0l3Q1FBRGFpa0o0MkQ3blFvQmR2TWVOMzdaT3YyRWR2QlZOVHAzbFhpOV9CSVpNWGx2eVphM2lIU0ExcXl4bjRBLXBfekl6QUpqVjViTkRqdHFFWTUya1RiYldSbE9PbWU1QWR2cWZSMTBVaE44ZC1wdmF0Zw?oc=5,Devdiscourse,google_rss,export_restriction,producer:india->sugar_export_supply->SUGAR,unknown,unknown,False,0.45,0.45,0.55,0.0,0.0,False,False,0.0,4.545,True,True,False,"source=external;trusted=1;anchor=1;trigger=1;root=1;negative=0;noise=0;verified(1h=0,1d=0);query=india sugar export quota 2026 Reuters",external
SUGAR,2026-01-08T08:00:00Z,india sugar export deals gain traction on lower prices weak currency,https://news.google.com/rss/articles/CBMiswFBVV95cUxPejE3azhwREJqOV9KMHI5b2EyUExKSjhPY1JoOFJHWkdqOU1Ed0t0bGdUQklmU0lpSC1PcE91a0VHemtqQlQ2Y1hyVGx2NW9hWDlxazllV2dqVnl0NjBLLU5OVnRLTThzNVNZY0phd0RjNjE2UWNtSG1BcGRBMmtMM28yeTU5YTFTQVU3dmVhOWMwZC1LZGZvSndZeGlxeWRxMmUxODllbThyaDBZMHJ2ZWhsWQ?oc=5,Reuters,google_rss,sugar_export_restriction,producer:india->sugar_export_supply->SUGAR,unknown,unknown,False,0.45,0.45,0.55,0.0,0.0,False,False,0.0,4.545,True,True,False,"source=external;trusted=1;anchor=1;trigger=1;root=1;negative=0;noise=0;verified(1h=0,1d=0);query=india sugar output lower exports 2026 Reuters",external
COFFEE,2026-01-23T08:00:00Z,brazil arabica farmers eye crop improvements conilon growers expect a decline in output,https://news.google.com/rss/articles/CBMizAFBVV95cUxQNllkYm9WMUxOWWhjWjBmaE0zR1FqVlEtNTFVUFU3R0liNFh2TkJBQVIwOTFrYVdxZ0hKaW5aRjRWRmhHWU02Qm1odDdTLTRaV19MTTVtZzM1R2RXYkxzS09MZ2lpM25reHBDZDV3ZGpaN0o3cmFySVRTWkkxQXdUSXB4eFQ1czhTbXRSVFZPYzFLRHJMVnNJbm1kcDFRLURMdU9HNHN4Zzl0Q1NpYjZvbEdHX3cxWkxqUmFEVmFtZVJaSHRmWnQ1cksxN0o?oc=5,Reuters,google_rss,coffee_supply_recovery,producer:brazil->flow:coffee_export_supply->COFFEE,unknown,unknown,False,0.45,0.45,0.55,0.0,3.719056735205941,False,True,0.6429764183801485,5.669882091900742,True,True,False,"source=external;trusted=1;anchor=1;trigger=1;root=1;negative=0;noise=0;verified(1h=0,1d=1);query=sugar harvest production mills 2026 Reuters",external
COFFEE,2026-02-12T08:00:00Z,brazil s producers of canephora coffees including robusta expand into new territory,https://news.google.com/rss/articles/CBMiygFBVV95cUxQNEFSeVdXN29RaW1OWmE0RVd2T0lkdVVJZzQ4eTQtQ2xHQzgtZWI2dmNEOHBhNkQxVGoyYnlqYkV4VlY1cFVlWUUyUlhQLXpTZHdpemk3OGkxLUdFd0kxSFc1NFkwR3RKbmUxMzBUaDFZMHoxOS1ic2Mta1lkY1kxbk93QlhSOXFQemVnQVNqcnI2b3p4UURja0MydV9XcGxsdnloeTFVd0pmSmJDaFFxZVdIUGJhLXNNSTJqc1lWVGY3OURjSUw1RnpR?oc=5,Reuters,google_rss,coffee_supply_recovery,producer:brazil->flow:coffee_export_supply->COFFEE,unknown,unknown,False,0.45,0.45,0.55,0.0,4.427295815868637,False,True,0.660682395396716,5.108411976983579,True,True,False,"source=external;trusted=1;anchor=1;trigger=0;root=1;negative=0;noise=0;verified(1h=0,1d=1);query=vietnam robusta coffee exports 2026 Reuters",external
COFFEE,2025-12-08T08:00:00Z,brazil s robusta coffee growers push for quality,https://news.google.com/rss/articles/CBMi3AFBVV95cUxNY2dkOTJBMDdWTGVwTjJVRFhmalVhUjJKZXJrQjNLaFFFeUFQVm1Mamg1dGMxX0FRcDRxdkVPREprTmM0ZG9iNmxWcUpJRG5MVW1JWkl5S0tFT1FpV2dQZC1RcEd0a1RVa0lyanNYVVNEMmZPT09uUWo0ZDZ1NjVUQUQzSVdMSzVmTHRrY2psYlFjYjh5N3BMSFEzOWhSR1Z2SW5UeldEbThoblNuWkN5MHBSWFJqbmxjdFZ6Uzd4Y2k5MktNNWRGeEZZSjZWNEtrUDV6QTJGSVZzZWow?oc=5,Reuters,google_rss,coffee_supply_recovery,producer:brazil->flow:coffee_export_supply->COFFEE,unknown,unknown,False,0.45,0.45,0.55,0.0,1.9562816171933413,False,True,0.5989070404298336,4.799535202149167,True,True,False,"source=external;trusted=1;anchor=1;trigger=0;root=1;negative=0;noise=0;verified(1h=0,1d=1);query=sugar harvest production mills 2026 Reuters",external
COFFEE,2026-02-03T08:00:00Z,coffee prices sharply lower as brazil rains bolster crop prospects,https://news.google.com/rss/articles/CBMiwwFBVV95cUxNQlZrX2hkZEMzSHpmSFIzZjRvbnJOM01fdmFyWTMyc3h3dDlvRF80WktUMlFUeFRUUzN1WWRUUERRcW1xNWx4WV9BZGd4SWwzSHNsS1RhRFd4SGhLYVRfSDd0YnVvXzg3UHF2SVAxeFlhZnE5cTRBb2dKZGcyQU5VUzNBZUowS3d2cFBGYzZYUzJWUl92eVVBbnU0N0NfSng2amN0NG5Pc2xwTGEzRzlXdVVlYUhPOC1VdktoR1dRVEFiZzA?oc=5,TradingView,google_rss,coffee_supply_recovery,producer:brazil->flow:coffee_export_supply->COFFEE,unknown,unknown,False,0.45,0.45,0.55,1.874771064894018,6.059766925632526,True,True,1.1514941731408133,6.152470865704065,True,False,False,"source=external;trusted=0;anchor=1;trigger=1;root=1;negative=0;noise=0;verified(1h=1,1d=1);query=brazil conab coffee crop estimate 2026",external
COFFEE,2026-01-27T08:00:00Z,coffee futures still on the rise in new york and london analysts remain cautious about the size of the next brazilian crop in 2026 27,https://news.google.com/rss/articles/CBMiigJBVV95cUxPVjBtMG1xZE9qU0RVOXBkU2lEbzZybkFDRTZQT3EzdElTaTdUbzNfZ0s2cXVycEZ6ZExBT2VsUTZ4dF9BekM0Z3RKS3BxaTVPTF9WcUhwZ25ZRFFuY0NNb0xpS0pQblRGM3ZDUnIyajdRVzVRdGtQX01NQ3h3TzZ4eU5QZHNtYV9mbUdxdTVWNmY0dDFkUmFlcUJ2QVkyQ1JxOTdvazYyRmR6dWJ6SUhLem0yWHhuQ2lKZTBVUkhDTG9QNnNncnpqYW1DWm1lbnFJcjR4ZjRSQmpSdUJ0azF3YXFyMXpfTTlrTWNYWWRfa1l6YXVVS0VHOFVJNWlPYTEydmZRZm9Kbng3UQ?oc=5,Comunicaffe International,google_rss,coffee_supply_recovery,producer:brazil->flow:coffee_export_supply->COFFEE,unknown,unknown,False,0.45,0.45,0.55,3.7469365887197337,5.189890088198609,True,True,1.1297472522049652,6.043736261024826,True,False,False,"source=external;trusted=0;anchor=1;trigger=1;root=1;negative=0;noise=0;verified(1h=1,1d=1);query=brazil conab coffee crop estimate 2026",external
COFFEE,2026-02-05T08:00:00Z,world s largest coffee producer set to harvest more beans than ever,https://news.google.com/rss/articles/CBMinAFBVV95cUxNS295WnVYdUVrdjNqa2dMX3JPSk5hUFpmY3BXazJ6amtjclF2VnVaNjdwdkIyWGsybzQzSnI1MFRIN2VKaXZPUTQ0WjVoT0ZtMHNEbG9KNzFWTDZiZGhxb1RseVNoX3AyWHB1MDgtNlNjZlFLTWYyUlRHR1JjbVJ2UlFZZEVzR21SRWMzNDg4UHdtVFZySF9iMGx3aDU?oc=5,The Independent,google_rss,coffee_supply_recovery,producer:brazil->flow:coffee_export_supply->COFFEE,unknown,unknown,False,0.45,0.45,0.55,1.3477574661073963,3.2286441948288385,True,True,1.080716104870721,5.798580524353604,True,False,False,"source=external;trusted=0;anchor=1;trigger=1;root=1;negative=0;noise=0;verified(1h=1,1d=1);query=brazil conab coffee crop estimate 2026",external
COFFEE,2026-02-05T08:00:00Z,conab sees record coffee harvest in 2026 up 17 1,https://news.google.com/rss/articles/CBMiigFBVV95cUxOZnQ3ZHVKSHlfNVFxU1gzdE13MDFsR3I1WHg2Vk0yV3U1ckxtSXhCMEtNdlJmQkJlZlBkWDBPY204SDJiMUo2RGZZbE9UUFZ4RUd2UE9SekhBelZPN19rUGZZTUJMbzhIVEc0b19Zdkc2dlZOdEhLaG5rSG9YbHhqbWI1dF9tWUtQOXc?oc=5,DatamarNews,google_rss,coffee_supply_recovery,producer:brazil->flow:coffee_export_supply->COFFEE,unknown,unknown,False,0.45,0.45,0.55,1.3477574661073963,3.2286441948288385,True,True,1.080716104870721,5.798580524353604,True,False,False,"source=external;trusted=0;anchor=1;trigger=1;root=1;negative=0;noise=0;verified(1h=1,1d=1);query=brazil conab coffee crop estimate 2026",external
COFFEE,2026-01-29T08:00:00Z,arabica coffee prices fall on brazil rain forecasts,https://news.google.com/rss/articles/CBMirwFBVV95cUxOMEF3Zmg0eEVGQ01jV3h2YTZoVzJMdkQwekFycFVDcDlRYmJGeGNPVmMzUlRyM1pKYzZOMWlZMWlGeFVRbkx2MUNQbW9YdU4tWWM2UWdlNlM0VXlBdjA3RlVKWG92N3NMNUNOcF93dlJoMndJTkh2N1NWRE9xMHVhZ3hVSW42M0NkS0RyMmNiMjNWR05EV3lYZE5Kc0xUTFllTlk2RG5BS0dpUDFLbE9V?oc=5,TradingView,google_rss,coffee_supply_recovery,producer:brazil->flow:coffee_export_supply->COFFEE,unknown,unknown,False,0.45,0.45,0.55,6.604558696414219,6.604558696414219,True,True,1.1651139674103554,5.570569837051777,True,False,False,"source=external;trusted=0;anchor=1;trigger=0;root=1;negative=0;noise=0;verified(1h=1,1d=1);query=brazil conab coffee crop estimate 2026",external
COFFEE,2026-01-29T08:00:00Z,arabica coffee futures at over 1 month low,https://news.google.com/rss/articles/CBMimAFBVV95cUxNc1lIRjVyQTFsS2pqemdJdldwZExWZEFQSVY2WmRNcExZQ28xdmV2UmtXaVBXVlRoZ240bTlQa296NVpzbXBhUzV1YkJkWEU4cGhKd2ZUUHBoWnhRU0hiUEVNY216WHdTbnExaFdxYmViekVyUVptTktoM3FnMEJBMG15VGtWdzlMekJvbTVjYzVMaERtSkczVA?oc=5,TradingView,google_rss,coffee_supply_recovery,producer:brazil->flow:coffee_export_supply->COFFEE,unknown,unknown,False,0.45,0.45,0.55,6.604558696414219,6.604558696414219,True,True,1.1651139674103554,5.570569837051777,True,False,False,"source=external;trusted=0;anchor=1;trigger=0;root=1;negative=0;noise=0;verified(1h=1,1d=1);query=arabica harvest weather brazil 2026 Reuters",external
COFFEE,2026-02-06T08:00:00Z,brazil coffee output set to reach new record in 2026 conab says,https://news.google.com/rss/articles/CBMiYkFVX3lxTFBDQnluenk5V0piNUpCRXJrbnpPX2hka0M2Rm5hU1lmZ0ZPb2R3Q1hvQUhjVXRiNmw5VzZrYVlxTmxNMDlzNkhnVk4ta2c3dHd5R24xMV92NGFGNkktVHA3Uzhn?oc=5,Global Times,google_rss,coffee_supply_recovery,producer:brazil->flow:coffee_export_supply->COFFEE,unknown,unknown,False,0.45,0.45,0.55,3.7668123578948647,3.7668123578948647,True,True,1.0941703089473716,5.215851544736858,True,False,False,"source=external;trusted=0;anchor=1;trigger=0;root=1;negative=0;noise=0;verified(1h=1,1d=1);query=brazil conab coffee crop estimate 2026",external
COFFEE,2026-02-06T08:00:00Z,brazil coffee output poised for record high in 2026 reports conab,https://news.google.com/rss/articles/CBMivAFBVV95cUxNS3QwQ2JteWFoSUF0UkVRNVl3SnhJMzhqdWYzV3kzV05xMWNEOEhSSHVvSERXdTNFSnFySThhT0trUHJFRVFwMm1UTjBFV2RIOUxNTmF6TjRZdG5aeXVSenRld0xtTXEzWkJZOGtMR2NiYXFkeEVEaGNud2VJdGFXTk5oYjNCcXFERm1MaUE3UUVCbU9YSkJGSGVFMnZpRWtMM3J3WTg5UEJ1M3hLTURLdk5GT1lBTlBhTjI2MtIBxAFBVV95cUxPNWhoLVZyT1lZMUJCa1NGNC10Y0pFRHJhMDJtUDhiMlJta2g0YUotRlY2VDlyVUEwRUZZaHpNTFVoam9wWDJkR3l4eVlobU9IUGllMjB5cmJ3QllZZ01zWjJadFBFMkg0N1VLTGoyZ2RGRWM4Mmh2Q093alJWaXNjNUtSeGNMLUdCZDZOV28wYXF3U09fYl9hRVF6Uk54bi1uQ1NXTVcwcFl2aVExd3hhazhDWDZETHVjWHhqRDk5dDQ2cGJu?oc=5,ANI News,google_rss,coffee_supply_recovery,producer:brazil->flow:coffee_export_supply->COFFEE,unknown,unknown,False,0.45,0.45,0.55,3.7668123578948647,3.7668123578948647,True,True,1.0941703089473716,5.215851544736858,True,False,False,"source=external;trusted=0;anchor=1;trigger=0;root=1;negative=0;noise=0;verified(1h=1,1d=1);query=arabica harvest weather brazil 2026 Reuters",external
COFFEE,2026-01-23T19:47:38Z,brazil s next coffee harvest could cool prices but not yet,https://news.google.com/rss/articles/CBMijwFBVV95cUxNNElOMVhjbE1qVThGMkUxZXktS2RUbnJFcUExcmVBRWJ4cXFqQ1ZLMlNrcGptWG1TTnhGbzlzR3hCVUFDT0p3LXZGRFNmbm5ZU2d2Y1BiRmw1TlQwRnEwSHZQTVdDS1pXWFA2TUFlbGptUXR6Z3NnQ2F1elV4MTQ0eEN6Q2FlSF9NR0w2MUVGdw?oc=5,Finimize,google_rss,coffee_supply_recovery,producer:brazil->flow:coffee_export_supply->COFFEE,unknown,unknown,False,0.45,0.45,0.55,0.0,1.5288488486881189,False,True,0.588221221217203,5.046106106086015,True,False,False,"source=external;trusted=0;anchor=1;trigger=1;root=1;negative=0;noise=0;verified(1h=0,1d=1);query=arabica harvest weather brazil 2026 Reuters",external
COFFEE,2025-12-09T08:00:00Z,brazil coffee report robusta filling in for lower expected arabica output,https://news.google.com/rss/articles/CBMiswFBVV95cUxPRUs3SFJIU2J1MTQ4YnU0UEJRTDJBc2tDY3lnZU1ScVAzSDZ2WVhWYk05dDZJMEpQOXhUOXFUVTZYYlk3UUtxNzlxVkFpekE1UkZmcFNLTDFMVExrTkFDaER5aWhsdU4tZE1oNXRGWWZON3dYeF84NHBEYmhCZnFQS3dsQlRHR0N0enFSN3prLUN3Rl9KdTI2dUVRYXRUTFQ5WF9NUmU5OWJ4eEl4aEw5LWFESQ?oc=5,Daily Coffee News by Roast Magazine,google_rss,coffee_supply_recovery,producer:brazil->flow:coffee_export_supply->COFFEE,unknown,unknown,False,0.45,0.45,0.55,1.3134348308194557,1.9303072990028027,True,True,1.04825768247507,4.98628841237535,True,False,False,"source=external;trusted=0;anchor=1;trigger=0;root=1;negative=0;noise=0;verified(1h=1,1d=1);query=brazil conab coffee crop estimate 2026",external
COFFEE,2026-03-04T22:30:00Z,"Criança inocente e robusta : conheça Fofinho , encontrado morto após quatro dias de busca",https://www.bonde.com.br/bondenews/policia/crianca-inocente-e-robusta-conheca-fofinho-encontrado-morto-apos-quatro-dias-de-busca,bonde.com.br,gdelt,coffee_supply_recovery,producer:brazil->flow:coffee_export_supply->COFFEE,unknown,unknown,False,0.0,0.634081,0.452263,3.803197110314463,5.409041817948872,True,True,1.1352260454487215,4.8031550272436085,True,False,False,"source=internal;trusted=0;anchor=1;trigger=0;root=1;negative=0;noise=0;verified(1h=1,1d=1);query=nan",internal
COFFEE,2026-03-02T22:00:38Z,asia coffee vietnam prices pick up post holiday indonesia exports rise,https://news.google.com/rss/articles/CBMiugFBVV95cUxNbjZ0UW1MUVBtOENNV2dMblV4b0tZdFhLWXF4dVZfbVoycEd3bDhSRzJza2dyWVp4bjdjcjAyVHdreXYzZTBYM0ZuajdROXVNX3NDaTFtYklUZTdZMTEzUUIxc0xWRThIR0t1WjBZVU9NZGVmOWVDTmxCNU5WbndhRm95cVF1Z0w4dmx6T3ZZb2xsLUd0ZVNTVzctZEZ1R3VtbW5wUGhZV0xnRFJ2eFBGMEt0ZS1pdk9Mcnc?oc=5,NST Online,google_rss,coffee_supply_recovery,producer:brazil->flow:coffee_export_supply->COFFEE,unknown,unknown,False,0.45,0.45,0.55,0.0,3.380806938542744,False,True,0.6345201734635686,4.627600867317843,True,False,False,"source=external;trusted=0;anchor=1;trigger=0;root=1;negative=0;noise=0;verified(1h=0,1d=1);query=vietnam robusta coffee exports 2026 Reuters",external
COFFEE,2026-01-30T08:00:00Z,vietnam police seize tons of fake coffee products made from soybeans,https://news.google.com/rss/articles/CBMitgFBVV95cUxORjZyLS1uc2xzNkJXMzRmOHhOR0h3N3lndXFObHVGaDdvU09wanlSWVFGc2l0RlQ2SDlINXJIR1VnV2tuU1lpU2E3MnUzVDRLUll0OE1xeEt5N1RxOEdXSDEtOVI5YmFlY0Z3SUtVcVoxZFN0S3VoV2FVSGR0Y3owSDY5bTZSeV84RWxkY1hHdUJWVlJOTy04dHNHMDhGMjE1c3E2Z0drZTFpZUh0anVfSWpfRzF3dw?oc=5,Reuters,google_rss,,,unknown,unknown,False,0.45,0.45,0.55,0.0,3.997288521643649,False,True,0.6499322130410913,3.654661065205457,False,True,False,"source=external;trusted=1;anchor=1;trigger=0;root=0;negative=0;noise=0;verified(1h=0,1d=1);query=vietnam robusta coffee exports 2026 Reuters",external
COFFEE,2026-02-06T08:00:00Z,brazil coffee production seen at record high in 2026,https://news.google.com/rss/articles/CBMingFBVV95cUxNNHRkOHZ1RlFUSEljQXRLY3d5TFUxd1lRUWFEUmx6OHp0X3JuUXk1Y2hpREJhZzhmMURfMl9lLWMweGxubnVyVUlyRmxHTlB2aEg0ZGx3alhpY0t1dVZUODRXRUZUR2tQTExiVnExUDdaVWNwRlNQTGZ4aU12S2RDNjRET2puRFg0Ri1CbUYwY3N2T2NzZU5meVFTNkpwZw?oc=5,Awaz The Voice,google_rss,,,unknown,unknown,False,0.45,0.45,0.55,3.7668123578948647,3.7668123578948647,True,True,1.0941703089473716,4.465851544736858,False,False,False,"source=external;trusted=0;anchor=1;trigger=1;root=0;negative=0;noise=0;verified(1h=1,1d=1);query=brazil conab coffee crop estimate 2026",external
COFFEE,2026-02-02T08:00:00Z,last year was difficult for the coffee industry will 2026 be different,https://news.google.com/rss/articles/CBMikgFBVV95cUxPY3RpN2ozbDljZnB4YkNGVmQxVEpxMzZrWktJcDVmRVBnSEJLemZ4ZmMyM2pfREFJMkhDbEdTUlBjQ2FFMXRqUWpyRWUwM0VpdWFFVTA2MFdsNkZTd1VkLWNlcTVrUHlUY1JjTlJMMU5rclFFUEllNVlHcWR6UkQ1WjY4LWYyeXUya3JZeV9OekJudw?oc=5,Perfect Daily Grind,google_rss,,,unknown,unknown,False,0.45,0.45,0.55,4.10593911854588,5.337117861425272,True,True,1.1334279465356318,4.012139732678159,False,False,False,"source=external;trusted=0;anchor=1;trigger=0;root=0;negative=0;noise=0;verified(1h=1,1d=1);query=brazil conab coffee crop estimate 2026",external
COFFEE,2026-01-16T08:00:00Z,elevated rain prospects for brazil weigh on coffee prices,https://news.google.com/rss/articles/CBMitwFBVV95cUxQMHcxQlhRRW1ZREN0dTM4VEtiV1RtdkkzS1ROaDFtOTRUVzFIV2dzbmV1ZmpJUWU3R3BEeUZ2Yk9HdnluMk1xc29aaEkyN3QyUEtHclR1T1FtUVpPTnVfaWxRRWxKZHV3ZWtvVWtMTHdZSXJYYllDYmFUV1prd1RiZjdGTlNKeUpqZEtxWEE0azF5bElFZ2dUb2ZzSjBRVlpTMVFXQXdsZ3lmNFNiLU1UcVc1OXl0d28?oc=5,TradingView,google_rss,,,unknown,unknown,False,0.45,0.45,0.55,1.537166297630572,4.348007769079627,True,True,1.1087001942269907,3.8885009711349534,False,False,False,"source=external;trusted=0;anchor=1;trigger=0;root=0;negative=0;noise=0;verified(1h=1,1d=1);query=brazil conab coffee crop estimate 2026",external
COFFEE,2026-03-04T13:30:00Z,Coffee Prices Canada 2025 : Why costs are rising again,https://www.bramptonguardian.com/news/canada-coffee-prices-iran-conflict-2025/article_bdb4e254-29eb-56c1-9c0a-0f02f2159c4f.html,bramptonguardian.com,gdelt,,,unknown,unknown,False,0.0,0.669307,0.562507,1.4340171509293695,5.388827622446152,True,True,1.1347206905611538,3.5383681528057687,False,False,False,"source=internal;trusted=0;anchor=1;trigger=0;root=0;negative=0;noise=0;verified(1h=1,1d=1);query=nan",internal
COCOA,2026-01-20T08:00:00Z,ghana s cocoa farmers are unpaid and investment in next harvest at risk,https://news.google.com/rss/articles/CBMirgFBVV95cUxNN0VfQnJFeDA0SklYMlowWDFTZHg0X0Z1TEZ3OHRLaXppamI4c0p1VEZXN2gxblZOdFNKcS1UaHJfVFhUM0VOQi1LMmswaDJTcVNQampjcGFYbVlJaGs2M2pfVUtLWnpDSFVjUzdTUDlFTTVVV2J6d1R1VmFZNlhOSGVwWUFzZzBjb0dQejdXMlJ6VTNRN2E5bHhyRzNTOUw1MEs0NVFyNkNicTNnZWc?oc=5,Reuters,google_rss,cocoa_crop_shock,producer:ghana->flow:cocoa_export_supply->COCOA,unknown,unknown,False,0.45,0.45,0.55,1.4340012328976943,7.669322953243197,True,True,1.1917330738310798,6.703665369155399,True,True,False,"source=external;trusted=1;anchor=1;trigger=1;root=1;negative=0;noise=0;verified(1h=1,1d=1);query=ghana cocoa production cocobod 2026 Reuters",external
COCOA,2026-01-20T08:00:00Z,ivory coast rains support cocoa mid crop development farmers say,https://news.google.com/rss/articles/CBMingFBVV95cUxOaThnczdRSXJaVXNHR043YzdiZU9ScEdackZUVUpNY1dGcHFLVXBtakhGQi1NQkVyR0lBSlZBaVNYWjE4d01XM09CWnBtaEN4em5Kd2FVeHdLWTBtUUUyb3htVnJiM2lWQm9ILXgzY3d3Y0kxRmZLVTlOQ3l2ZHZJaTBtSVFPRmlJdjVDSnNsckg2c3B5RDVkM3U0amZGUQ?oc=5,CNBC Africa,google_rss,cocoa_supply_recovery,producer:ivory_coast->flow:cocoa_export_supply->COCOA,unknown,unknown,False,0.45,0.45,0.55,1.4340012328976943,7.669322953243197,True,True,1.1917330738310798,6.703665369155399,True,True,False,"source=external;trusted=1;anchor=1;trigger=1;root=1;negative=0;noise=0;verified(1h=1,1d=1);query=cocoa mid crop weather ivory coast 2026 Reuters",external
COCOA,2026-01-05T08:00:00Z,ivory coast s unseasonal rains expected to strengthen cocoa crop,https://news.google.com/rss/articles/CBMiuAFBVV95cUxQRUx6aG1yNkhYekxnZFpOMHBmdk1FVWZOT0V6NlhvYWotaGg1VUlKZnJPbXdNejByejJHRTk2OEYyQTdBT0l3TUFWdUZzRlBkU19zWUEzZkdVZjM5ZXZFU3ZTLUJJU0ptNUFVUFBMSzBMZFhpdTFubkxmVjlkMUgyNG5ibThBa1I4UFl5Mng2d2N5UzJJMURxU1MzbGdvSm9xd1ZEeHBVX3E1TWIyOUxvNU9oc09ha2ZV?oc=5,Reuters,google_rss,cocoa_supply_recovery,producer:ivory_coast->flow:cocoa_export_supply->COCOA,unknown,unknown,False,0.45,0.45,0.55,5.499678179981027,5.499678179981027,True,True,1.1374919544995257,6.432459772497627,True,True,False,"source=external;trusted=1;anchor=1;trigger=1;root=1;negative=0;noise=0;verified(1h=1,1d=1);query=cocoa mid crop weather ivory coast 2026 Reuters",external
COCOA,2026-01-12T08:00:00Z,flowers bloom on cocoa trees ahead of ivory coast s mid crop season,https://news.google.com/rss/articles/CBMiuAFBVV95cUxNZ0NJQ253VUdTRm5JT00wVF9vWU1JbGJMd2g5ekZIWHlKaWZ2UG5NN2tSNVNRVFQzTVMyQVFDX0hiNE1ycmJzT2c5XzJVb0FPdTk0RHRoRHg2Q1doQkYtdjdiRzMzU2c2bGF6QnF6cmlHU1g2cXFCWWVNNkJjc1N3S2F0dDRGbkRCbzNWNm8tX3dLMFNoU05RWnhfU2Mwd2p0Vy1VNUxqSldwRjBjMkVseUlRal9ISkpK?oc=5,Reuters,google_rss,cocoa_supply_recovery,producer:ivory_coast->flow:cocoa_export_supply->COCOA,unknown,unknown,False,0.45,0.45,0.55,1.3495633098578428,4.275012153877603,True,True,1.10687530384694,6.2793765192347,True,True,False,"source=external;trusted=1;anchor=1;trigger=1;root=1;negative=0;noise=0;verified(1h=1,1d=1);query=cocoa mid crop weather ivory coast 2026 Reuters",external
COCOA,2026-01-30T00:17:07Z,ivory coast regulator launches programme to buy cocoa stocks from farmers,https://news.google.com/rss/articles/CBMiqgFBVV95cUxNYW9BcFhOWXI1Y3dCZGQxc1ZVQXd5U2lHYWZYalBhV0VRdmM4NUlBRThpNWdibjE2WWV2aHNDSGltcThTaVZ6SWdTUzhvNlRDd3ViVXRERGVpWWZOeHJMSXBjMXF5TlZncWhRTjRpdS0wQU5zU0pEUVJrMk5JZHhDanNoTFFVZTNIc01jSzVWeTlpVlVDclNPZGJxMjA2dm9sbHdOTjFLUDQ3dw?oc=5,CNBC Africa,google_rss,cocoa_crop_shock,producer:ghana->flow:cocoa_export_supply->COCOA,unknown,unknown,False,0.45,0.45,0.55,0.0,5.721697914911746,False,True,0.6930424478727937,5.920212239363967,True,True,False,"source=external;trusted=1;anchor=1;trigger=1;root=1;negative=0;noise=0;verified(1h=0,1d=1);query=ivory coast cocoa farmgate price 2026 Reuters",external
COCOA,2026-02-16T08:00:00Z,cocoa stocks from main harvest pile up in ivory coast warehouses,https://news.google.com/rss/articles/CBMiswFBVV95cUxNd2VKNkVNOTFndzRVNUs5T0xLQTQwdTQxR283SUhzZlZUc045a1NhTnYzSUpFWmtyd2Q4dWdidEtMOGlrWjVBR2hNWDZoS2VKejF5blI2V1VGNjR1MDJlNnNITUczcTVmZnAwcHpvYnJIbkFnaE1saThFTGFqSmlKRTl6WlNRQnRHdXI2UEVsSEhHX1RkOER5UndxcmhBX0JYZUdSQ2QyY1BzdjF3VVVSRl8yVQ?oc=5,Reuters,google_rss,cocoa_supply_recovery,producer:ivory_coast->flow:cocoa_export_supply->COCOA,unknown,unknown,False,0.45,0.45,0.55,0.0,4.695116898774658,False,True,0.6673779224693666,5.791889612346831,True,True,False,"source=external;trusted=1;anchor=1;trigger=1;root=1;negative=0;noise=0;verified(1h=0,1d=1);query=ivory coast cocoa arrivals 2026 Reuters",external
COCOA,2026-02-16T08:00:00Z,cocoa stocks pile up in ivory coast amid a global price slump,https://news.google.com/rss/articles/CBMiZ0FVX3lxTE5nMjlUX3pmdV9WbXBQZzdiS2t5aHRpb0dwcnFLX0VYX242U2wyTWFHVFAzUEo0NXY3cHdMNlNsTm82N19JN2NXVEF4UnBjOWt1d01WWTJiNmpyRlpKaFZJeHVNSkRINW8?oc=5,Reuters,google_rss,cocoa_supply_recovery,producer:ivory_coast->flow:cocoa_export_supply->COCOA,unknown,unknown,False,0.45,0.45,0.55,0.0,4.695116898774658,False,True,0.6673779224693666,5.791889612346831,True,True,False,"source=external;trusted=1;anchor=1;trigger=1;root=1;negative=0;noise=0;verified(1h=0,1d=1);query=ivory coast cocoa arrivals 2026 Reuters",external
COCOA,2026-02-12T08:00:00Z,ghana cuts farmgate cocoa price introduces new financing model,https://news.google.com/rss/articles/CBMisAFBVV95cUxNcUZmVHdudWZ0THBVM0ZOQTN6S1ZmUkZ3S09XV3B6ZHVFMkhlUlE2QWhJRmNiVkRTU3l4cTJzczNQaXBiZGdjM1A3aXM4TUJ4Q1lLWjhpd3dNWUcwWGNXcnpzVG5RLXZ2SVhJSHBhVlhPRmtuVjA4QzRLSy1QZWlLMjJJRzFDODlSOVMxT0JQU3luS0I0M3MwT2o2UW5tM3FJQllESnB3N1J4TW9OZUV0ZA?oc=5,Reuters,google_rss,cocoa_crop_shock,producer:ghana->flow:cocoa_export_supply->COCOA,unknown,unknown,False,0.45,0.45,0.55,0.0,3.5674548473108643,False,True,0.6391863711827717,5.650931855913857,True,True,False,"source=external;trusted=1;anchor=1;trigger=1;root=1;negative=0;noise=0;verified(1h=0,1d=1);query=ghana cocoa production cocobod 2026 Reuters",external
COCOA,2026-01-05T15:45:00Z,Ivory Coast unseasonal rains expected to strengthen cocoa crop,https://www.marketscreener.com/news/ivory-coast-s-unseasonal-rains-expected-to-strengthen-cocoa-crop-ce7e59dedd8fff22,marketscreener.com,gdelt,cocoa_crop_shock,producer:ghana->flow:cocoa_export_supply->COCOA,unknown,unknown,False,0.0,0.1,0.35,1.7590933210865112,3.683422930412677,True,True,1.092085573260317,4.832927866301585,True,True,False,"source=internal;trusted=1;anchor=1;trigger=1;root=1;negative=0;noise=0;verified(1h=1,1d=1);query=nan",internal
COCOA,2026-02-18T08:00:00Z,exclusive ivory coast considers following ghana with cocoa price cut sources say,https://news.google.com/rss/articles/CBMiyAFBVV95cUxQWFhaTldQRmNBT0tWeEVmc3ZjdEpkdXhES0hRVXp3N04wSF9ONVpDazdHdlFWak5MR2xDcFQ2dGxoUWxNblE2VHZlRERKdU1yM2hyRE16S2hTS18ySVA4Wmc0LVJFMmFCTFJwUkJEX3pNeC1CZjRCRm9kSmN4eGZoSkpHRFJwZEl5cVN3VFJkQkN1RE16Wm0tWGhBbGV1VzdOMkdiQ2pNSFI4SXFlSmVsMlAtRk5UX1lhN2lnTXBRNkhJZGFLVjZhOQ?oc=5,Reuters,google_rss,cocoa_crop_shock,producer:ghana->flow:cocoa_export_supply->COCOA,unknown,unknown,False,0.45,0.45,0.55,1.3037133484197627,7.690895337727865,True,True,1.1922723834431967,6.056361917215982,True,True,False,"source=external;trusted=1;anchor=1;trigger=0;root=1;negative=0;noise=0;verified(1h=1,1d=1);query=ghana cocoa production cocobod 2026 Reuters",external
COCOA,2026-01-20T08:00:00Z,ivory coast regulator to buy 100 000 tons of surplus cocoa minister says,https://news.google.com/rss/articles/CBMipwFBVV95cUxPWkc3ZjEtNHdTMG9FUzdLdHJmeHZGaGVWTmlFWV9yNG9Ta0l4TG1uLUZtVURNSklZVG9IblA2RHk1em1HS0tIMnVIRHhiQWdiNUhnaFJDcUh2dnBnNWo2UWtUMXRnQkhLREVfWEZSSXJVMDlrYWt0Rkw0TG9xM0RXM2J3U1MxdW9HY09KZ3lkYXRObEJ5ZEE1MUFqel9KN1dhZDIzSjQ5UQ?oc=5,CNBC Africa,google_rss,cocoa_supply_recovery,producer:ivory_coast->flow:cocoa_export_supply->COCOA,unknown,unknown,False,0.45,0.45,0.55,1.4340012328976943,7.669322953243197,True,True,1.1917330738310798,6.053665369155398,True,True,False,"source=external;trusted=1;anchor=1;trigger=0;root=1;negative=0;noise=0;verified(1h=1,1d=1);query=ivory coast cocoa farmgate price 2026 Reuters",external
COCOA,2026-01-28T08:00:00Z,ghana s cocoa regulator rethinks financing model as farmers go unpaid,https://news.google.com/rss/articles/CBMiowFBVV95cUxOQng2NXNfa0ZkNkIyRHloSTBySnVXbG1PUkJjY1ZyN19fSXpSaTRYWVo4MFpZai1RVXFuMGpiZG1ybDdUdWFiSm5KbXZHQk16UUhpcHJDbUxvZUsyRDZILU1NV1JkRkltdGprR0JQQXZvX3pHOF9KV1BETXMxSzhGdE9tNGpFMXhad3hGVzNTOWYyQzBpN0Y4LWdwU2hKX1lyMDhZ?oc=5,CNBC Africa,google_rss,cocoa_crop_shock,producer:ghana->flow:cocoa_export_supply->COCOA,unknown,unknown,False,0.45,0.45,0.55,1.8565374823455096,4.839451141929473,True,True,1.1209862785482367,5.699931392741184,True,True,False,"source=external;trusted=1;anchor=1;trigger=0;root=1;negative=0;noise=0;verified(1h=1,1d=1);query=ghana cocoa production cocobod 2026 Reuters",external
COCOA,2026-02-26T15:58:10Z,how did ivory coast and ghana s cocoa sales crisis come about,https://news.google.com/rss/articles/CBMiqAFBVV95cUxPY0JXZVlXTmVQMml5Z1JlUXRzc1FpU2lIMXBkdWhUVUJibHh0N3JsXy1SaVhYYl9uNVdwa19lckt3ODllQnA2c1VJclFoTnFXZ1FxU2ZfV2FEMGRrTXVFOTVDQl9OYm1vT0g4YUpra050X3VYNGpSQk9KTTZpS3JyMWtBXzd3aFVET2pobnpUVm5WVzVhdTE1WWZwZzNDQ25RVUNhaVctOGE?oc=5,Reuters,google_rss,cocoa_crop_shock,producer:ghana->flow:cocoa_export_supply->COCOA,unknown,unknown,False,0.45,0.45,0.55,2.0767511988764578,4.698027726930308,True,True,1.1174506931732575,5.682253465866288,True,True,False,"source=external;trusted=1;anchor=1;trigger=0;root=1;negative=0;noise=0;verified(1h=1,1d=1);query=cocoa mid crop weather ivory coast 2026 Reuters",external
COCOA,2026-02-25T18:12:32Z,ghana s cocoa buyers owe banks up to 750 million raising fresh liquidity risks,https://news.google.com/rss/articles/CBMiywFBVV95cUxQM25Xb1lxb2RzcVJlSFRDR3VsdGUxRGVNT0JWT2g5bmlRUDNuOWptSk5CWUpVQlh5cnVBYzRrUDl6MVRobTJSVmxXcUNEeENZZ0NtRXk1TUZfNUZvc3JhaVVCdkNCZkpIc3BlU0VaLXpVYUtUbElqSFBOMXBtbWVuZGVNNEJxaDRpY2JpSnZKLVkwRk4wR1Q2a2ZVYklCYXVzR0QyZ2xXSmpQRXhwNXd1VjB2dkotczJsalF3Q2hxY2hYdnJtY3BzdDNGTQ?oc=5,Reuters,google_rss,cocoa_crop_shock,producer:ghana->flow:cocoa_export_supply->COCOA,unknown,unknown,False,0.45,0.45,0.55,1.4813627808140333,4.324179162176283,True,True,1.108104479054407,5.635522395272035,True,True,False,"source=external;trusted=1;anchor=1;trigger=0;root=1;negative=0;noise=0;verified(1h=1,1d=1);query=ghana cocoa production cocobod 2026 Reuters",external
COCOA,2026-03-05T15:50:07Z,ghana cocoa farmers remain unpaid despite 337 million disbursement pledge,https://news.google.com/rss/articles/CBMivwFBVV95cUxQbmxOd3BhMC15d2lTcVdjc0F5bmpHNDNUN1R6bXpLemRWd29ESG9kTGdVb2VvR3hlcHhCUEVIMkk3VDFTTjRMdlVUaFhlMkZBMUpuOGR3RXJmUWJPbEdxdkN3V2NmUmNHUWYtYVdYejcwZTU2b3Y4b1RIRENMMDljWlRrSWs4OE8wcDh2a3YwNmx3VHFvdGptNTQ3bWFNakJuT0gzbHZMMDZTU1Vfa21MZmptMlFsemw5MjBMWkZBYw?oc=5,Reuters,google_rss,cocoa_crop_shock,producer:ghana->flow:cocoa_export_supply->COCOA,unknown,unknown,False,0.45,0.45,0.55,3.1980548351445344,3.1980548351445344,True,True,1.0799513708786137,5.494756854393066,True,True,False,"source=external;trusted=1;anchor=1;trigger=0;root=1;negative=0;noise=0;verified(1h=1,1d=1);query=ghana cocoa production cocobod 2026 Reuters",external
COCOA,2026-02-27T08:48:01Z,ivory coast set to cut farmer cocoa price,https://news.google.com/rss/articles/CBMipwFBVV95cUxPaUFheXJpTnF5NGs0YU5mUGJCQnh6ZlQwTXZnU2hqR0syamtmMFBDN2pZZzJaM254c1dXYW1DUUlsVk9VeXpxV1pzY0xwQXVfb3dEZ1p0Q2VvZjRQWDl4OFB3QXVPLThQdktQXzFRQmVEcUQzQTE4a1F0TkthRUM5RHdYN0UxRmZJd19ITFNSZEJDd2ltRndKcmlMQWxuRDJacjJCZEh2RQ?oc=5,GhanaWeb,google_rss,cocoa_crop_shock,producer:ghana->flow:cocoa_export_supply->COCOA,unknown,unknown,False,0.45,0.45,0.55,0.0,4.698027726930308,False,True,0.6674506931732578,5.142253465866288,True,True,False,"source=external;trusted=1;anchor=1;trigger=0;root=1;negative=0;noise=0;verified(1h=0,1d=1);query=ghana cocoa production cocobod 2026 Reuters",external
COCOA,2026-02-26T00:01:09Z,ivory coast cocoa bean exports down 2 8 as of february 20,https://news.google.com/rss/articles/CBMilAFBVV95cUxNSUJfYngyQzBrNmhNajdMY3N1ZkxXbGlyX241VVNCU3pUV2VyUVR0dkVncFZRYnFNWFJ1SnN6T3lMcEo3X1NtaFhLMDFsb3BNOTdPUlVKUFZvM2N3b2Q0U0laRDg2ekNpVFpBRHlpT1Y5YzdBVDBZbHJoa2FHdG9hNVBINjJFTzRtVmhDUUdkWmZnakw5?oc=5,CNBC Africa,google_rss,cocoa_supply_recovery,producer:ivory_coast->flow:cocoa_export_supply->COCOA,unknown,unknown,False,0.45,0.45,0.55,0.0,4.324179162176283,False,True,0.6581044790544072,5.0955223952720345,True,True,False,"source=external;trusted=1;anchor=1;trigger=0;root=1;negative=0;noise=0;verified(1h=0,1d=1);query=ivory coast cocoa arrivals 2026 Reuters",external
COCOA,2026-02-04T12:15:00Z,Farmers go hungry as COCOBOD and CMC bosses lock horns,https://www.ghanaweb.com/GhanaHomePage/NewsArchive/Farmers-go-hungry-as-COCOBOD-and-CMC-bosses-lock-horns-Fiifi-Boafo-alleges-2020180,ghanaweb.com,gdelt,cocoa_crop_shock,producer:ghana->flow:cocoa_export_supply->COCOA,unknown,unknown,False,0.0,0.1,0.35,2.4260883311137382,3.777333860195032,True,True,1.094433346504876,4.194666732524379,True,True,False,"source=internal;trusted=1;anchor=1;trigger=0;root=1;negative=0;noise=0;verified(1h=1,1d=1);query=nan",internal
COCOA,2026-02-26T11:06:00Z,ivory coast to cut farmer cocoa price with earlier start of mid crop,https://news.google.com/rss/articles/CBMipgFBVV95cUxPblNLRGZXaWxmUUxfZXR0Yl9jc1VHaWZOQmU1QUgta2lBX3QyVjNYR1R5Zy02STZwaEhmVnNTQjRjNGVGUTE5RjB4MmhJMUl6UjdjZFNoaXppaUFxd1hNOEZkNEUtUmxOc2duMjdIVzg5bUFOb0o5eE8yLVJBemRFMTIzblhGWm4tVmU1cTJuMTZFY2txdW4xaEoyQk03MVozREx2MFhR?oc=5,SABC News,google_rss,cocoa_supply_recovery,producer:ivory_coast->flow:cocoa_export_supply->COCOA,unknown,unknown,False,0.45,0.45,0.55,3.918805952455208,4.324179162176283,True,True,1.108104479054407,5.935522395272034,True,False,False,"source=external;trusted=0;anchor=1;trigger=1;root=1;negative=0;noise=0;verified(1h=1,1d=1);query=cocoa mid crop weather ivory coast 2026 Reuters",external
COCOA,2026-02-26T10:50:57Z,exclusive ivory coast to cut farmer cocoa price with earlier start of mid crop sources say,https://news.google.com/rss/articles/CBMihAFBVV95cUxOZkdzbk5LNkxuNGFncDJhbUI1MGZUOS1wdlRxczBlRTdmYmltVXJSNllWT1d6N0xiQURSSHVzSVc5aVhDai1GUi1IazNhTHRWeFMxUGNaM2hNS3VOdE13ZVVUTFlHNk1BcUFaU3hUY2hsaVJ3dHFhTlVrQXZCM2p3YXQ0Q00?oc=5,Yahoo Finance,google_rss,cocoa_supply_recovery,producer:ivory_coast->flow:cocoa_export_supply->COCOA,unknown,unknown,False,0.45,0.45,0.55,3.918805952455208,4.324179162176283,True,True,1.108104479054407,5.935522395272034,True,False,False,"source=external;trusted=0;anchor=1;trigger=1;root=1;negative=0;noise=0;verified(1h=1,1d=1);query=cocoa mid crop weather ivory coast 2026 Reuters",external
ORANGE,2026-01-29T16:30:00Z,Brazil establishes ARC - Citros to tackle citrus greening,https://www.freshplaza.com/north-america/article/9806181/brazil-establishes-arc-citros-to-tackle-citrus-greening/,freshplaza.com,gdelt,citrus_crop_shock,producer:brazil->orange_juice_supply->ORANGE,confirmed,cause,True,0.75,0.1,0.35,0.0,2.9866150033276755,False,True,0.624665375083192,5.980826875415959,True,True,False,"source=internal;trusted=1;anchor=1;trigger=1;root=1;negative=0;noise=0;verified(1h=0,1d=1);query=nan",internal
ORANGE,2026-02-03T21:30:00Z,"Florida Freeze Batters Citrus Belt , Inflicts Significant Damage To Central Orange Groves",https://www.zerohedge.com/commodities/florida-freeze-batters-citrus-belt-inflicts-significant-damage-central-orange-groves,zerohedge.com,gdelt,extreme_weather_supply_shock,producer:brazil->orange_juice_supply->ORANGE,confirmed,cause,True,0.57,0.1,0.35,1.3120463562883709,4.237295442379217,True,True,1.1059323860594803,6.021161930297401,True,False,False,"source=internal;trusted=0;anchor=1;trigger=1;root=1;negative=0;noise=0;verified(1h=1,1d=1);query=nan",internal
ORANGE,2026-03-04T01:45:00Z,"Citrus greening disease found in Ramona , quarantine issued by state",https://www.10news.com/news/local-news/citrus-greening-disease-found-in-ramona-quarantine-issued-by-state,10news.com,gdelt,citrus_crop_shock,producer:brazil->orange_juice_supply->ORANGE,confirmed,cause,True,0.75,0.1,0.35,0.0,3.849902661648759,False,True,0.6462475665412191,5.738737832706095,True,False,False,"source=internal;trusted=0;anchor=1;trigger=1;root=1;negative=0;noise=0;verified(1h=0,1d=1);query=nan",internal
ORANGE,2026-02-10T23:00:00Z,"Lemon sapling found at airport , could spread citrus disease",https://www.jpost.com/israel-news/crime-in-israel/article-886253,jpost.com,gdelt,citrus_crop_shock,producer:brazil->orange_juice_supply->ORANGE,unknown,unknown,False,0.0,0.1,0.35,0.0,4.958085218022198,False,True,0.673952130450555,4.102260652252775,True,False,False,"source=internal;trusted=0;anchor=1;trigger=1;root=1;negative=0;noise=0;verified(1h=0,1d=1);query=nan",internal
ORANGE,2026-01-13T02:30:00Z,Florida citrus production hits new record low as greening disease and extreme weather devastate crops,https://www.freshfruitportal.com/news/2026/01/12/florida-citrus-forecast/,freshfruitportal.com,gdelt,citrus_crop_shock,producer:brazil->orange_juice_supply->ORANGE,unknown,unknown,False,0.0,0.1,0.35,0.0,1.375137778796072,False,True,0.5843784444699018,3.654392222349509,True,False,False,"source=internal;trusted=0;anchor=1;trigger=1;root=1;negative=0;noise=0;verified(1h=0,1d=1);query=nan",internal
ORANGE,2026-02-27T13:30:00Z,Why origin labelling is important for Florida citrus,https://www.freshplaza.com/north-america/article/9814988/why-origin-labelling-is-important-for-florida-citrus/,freshplaza.com,gdelt,,,unknown,unknown,False,0.0,0.1,0.35,0.0,2.7171634783405008,False,True,0.6179290869585126,2.1221454347925626,False,True,False,"source=internal;trusted=1;anchor=1;trigger=0;root=0;negative=0;noise=0;verified(1h=0,1d=1);query=nan",internal
ORANGE,2026-02-10T23:30:00Z,"Infected lemon tree discovered at Ben - Gurion , could destroy citrus industry",https://www.yahoo.com/news/articles/infected-lemon-tree-discovered-ben-213020516.html,yahoo.com,gdelt,,,unknown,unknown,False,0.0,0.1,0.35,0.0,4.958085218022198,False,True,0.673952130450555,2.052260652252775,False,False,False,"source=internal;trusted=0;anchor=1;trigger=0;root=0;negative=0;noise=0;verified(1h=0,1d=1);query=nan",internal
ORANGE,2026-01-28T08:45:00Z,California citrus industry faces threat from virus,https://www.10news.com/news/local-news/california-citrus-industry-faces-threat-from-virus-that-devastated-floridas-orange-groves,10news.com,gdelt,,,unknown,unknown,False,0.0,0.1,0.35,0.0,3.780690176930937,False,True,0.6445172544232735,1.905086272116367,False,False,False,"source=internal;trusted=0;anchor=1;trigger=0;root=0;negative=0;noise=0;verified(1h=0,1d=1);query=nan",internal
ORANGE,2026-01-14T05:15:00Z,Collier County commissioners continue discussion on South Naples Citrus Grove rezoning,https://www.gulfcoastnewsnow.com/article/citrus-grove-zoning-naples-collier-county/69992555,gulfcoastnewsnow.com,gdelt,,,unknown,unknown,False,0.0,0.1,0.35,0.0,1.9762038772958948,False,True,0.5994050969323974,1.679525484661987,False,False,False,"source=internal;trusted=0;anchor=1;trigger=0;root=0;negative=0;noise=0;verified(1h=0,1d=1);query=nan",internal
ORANGE,2026-01-13T17:15:00Z,"Alico Conference : CEO Details Exit From Citrus , Land - Leasing Push and Corkscrew Entitlement Timeline",https://www.themarketsdaily.com/2026/01/13/alico-conference-ceo-details-exit-from-citrus-land-leasing-push-and-corkscrew-entitlement-timeline.html,themarketsdaily.com,gdelt,,,unknown,unknown,False,0.0,0.1,0.35,0.0,1.566885073872712,False,True,0.5891721268468179,1.628360634234089,False,False,False,"source=internal;trusted=0;anchor=1;trigger=0;root=0;negative=0;noise=0;verified(1h=0,1d=1);query=nan",internal
ORANGE,2026-01-13T05:30:00Z,Florida citrus industry on track for another record low harvest,https://www.orlandosentinel.com/2026/01/12/florida-citrus-industry-on-track-for-another-record-low-harvest/,orlandosentinel.com,gdelt,,,unknown,unknown,False,0.0,0.1,0.35,0.0,1.375137778796072,False,True,0.5843784444699018,1.6043922223495088,False,False,False,"source=internal;trusted=0;anchor=1;trigger=0;root=0;negative=0;noise=0;verified(1h=0,1d=1);query=nan",internal
ORANGE,2026-01-12T23:30:00Z,Florida citrus industry could see a decrease,https://www.wuwf.org/florida-news/2026-01-12/floridas-citrus-industry-could-see-a-decrease,wuwf.org,gdelt,,,unknown,unknown,False,0.0,0.1,0.35,0.0,1.375137778796072,False,True,0.5843784444699018,1.6043922223495088,False,False,False,"source=internal;trusted=0;anchor=1;trigger=0;root=0;negative=0;noise=0;verified(1h=0,1d=1);query=nan",internal
ORANGE,2025-11-17T15:15:00Z,Florida rebounds from Hurricane Milton - impacted season with strong orange crop,https://www.freshplaza.com/north-america/article/9785548/florida-rebounds-from-hurricane-milton-impacted-season-with-strong-orange-crop/,freshplaza.com,gdelt,weather_supply_shock,operator:weather->orange_juice_supply->ORANGE,confirmed,cause,True,1.0,0.1,0.35,0.0,0.0,False,False,0.0,5.3725,True,True,False,"source=internal;trusted=1;anchor=1;trigger=1;root=1;negative=0;noise=0;verified(1h=0,1d=0);query=nan",internal
ORANGE,2025-10-30T16:45:00Z,How a protein can help make some citrus more tolerant to citrus greening disease,https://www.freshplaza.com/north-america/article/9780114/how-a-protein-can-help-make-some-citrus-more-tolerant-to-citrus-greening-disease/,freshplaza.com,gdelt,citrus_crop_shock,producer:brazil->orange_juice_supply->ORANGE,confirmed,cause,True,0.75,0.1,0.35,0.0,0.0,False,False,0.0,4.9475,True,True,False,"source=internal;trusted=1;anchor=1;trigger=1;root=1;negative=0;noise=0;verified(1h=0,1d=0);query=nan",internal
ORANGE,2025-09-09T13:00:00Z,Coca - Cola and MIT use AI to fight citrus greening,https://www.freshplaza.com/north-america/article/9763600/coca-cola-and-mit-use-ai-to-fight-citrus-greening/,freshplaza.com,gdelt,citrus_crop_shock,producer:brazil->orange_juice_supply->ORANGE,confirmed,cause,True,0.75,0.1,0.35,0.0,0.0,False,False,0.0,4.9475,True,True,False,"source=internal;trusted=1;anchor=1;trigger=1;root=1;negative=0;noise=0;verified(1h=0,1d=0);query=nan",internal
ORANGE,2025-09-02T17:00:00Z,Florida workshops train residents to manage citrus greening,https://www.freshplaza.com/north-america/article/9761014/florida-workshops-train-residents-to-manage-citrus-greening/,freshplaza.com,gdelt,citrus_crop_shock,producer:brazil->orange_juice_supply->ORANGE,confirmed,cause,True,0.75,0.1,0.35,0.0,0.0,False,False,0.0,4.9475,True,True,False,"source=internal;trusted=1;anchor=1;trigger=1;root=1;negative=0;noise=0;verified(1h=0,1d=0);query=nan",internal
ORANGE,2025-09-10T07:00:00Z,bacterial greening disease infects nearly half of brazil s citrus belt,https://news.google.com/rss/articles/CBMiwAFBVV95cUxOMnJtTnpZbnRtUmhvalduWWtkR3dCUktNdVFRUnNDel94eTZucjRialltcGZ4cWNuT3p4a3BLNUpxeXVNWlFKSXlfRGhzUUFaZm9jZE5laGhWekpzTWxycGtRUERXOEJyMnAyY2V4RWJ5SkdLeHBEQWdScVl2b2ZkU2RsLTE3WDIxVUlfdmM1SmZIa2k1ckNJY01RdWw4ZzhyeVJyalRDYzdvZVRhM0t5VndRN0RZWEZDNGlmOHdIRlQ?oc=5,Reuters,google_rss,citrus_crop_shock,producer:brazil->orange_juice_supply->ORANGE,unknown,unknown,False,0.45,0.45,0.55,0.0,0.0,False,False,0.0,4.545,True,True,False,"source=external;trusted=1;anchor=1;trigger=1;root=1;negative=0;noise=0;verified(1h=0,1d=0);query=citrus greening orange crop 2026 Reuters",external
ORANGE,2024-10-22T07:00:00Z,hurricanes to cut florida s citrus crop to lowest on record,https://news.google.com/rss/articles/CBMiqgFBVV95cUxQZXhWQjU5SG5FVlI5cTU3Ni1VMndCNlZYZ3pxM0dJVEozdHZoUWNIZU1pN0VyNnhvQnFudG1Cd0tvcFpCZ21Za2hBZU9GLTE3YjVHSEdpSG12TEJDR2lYTl9NUGVJTmlvWFNzbDNRell1RUplSWVIanFjOUk2RzZlR1VJWXMtbnhGVmlqZVdFQkVoSWFGRmF0VlAtelRsRFZHUlNuYXhDcF9IZw?oc=5,Reuters,google_rss,citrus_crop_shock,producer:brazil->orange_juice_supply->ORANGE,unknown,unknown,False,0.45,0.45,0.55,0.0,0.0,False,False,0.0,4.452884190658367,True,True,False,"source=external;trusted=1;anchor=1;trigger=1;root=1;negative=0;noise=0;verified(1h=0,1d=0);query=citrus greening orange crop 2026 Reuters",external
ORANGE,2024-05-10T07:00:00Z,brazil s orange output to hit over 30 year low on disease weather,https://news.google.com/rss/articles/CBMitAFBVV95cUxQdlloM0VwNW1NQ280SUNoWDJBeEFzTlp3RUktRVZoazBUN0hjNW82eWxGcHlycERfQkRRLVozU3M0UEl3UGM5dlhHNHFMQXg1Q0x3dFFFN0hnODBHb3MyR1ZuT3JDbkdfVjg1UzlzeVVoZG9MS1dTR043bWpaLUxZX2JPWG9MSW5Mb1hhWDl5bUtHc2V0b1BJc1Vvd1VObWdaSEtHdUdZbzBzVTllcVhMOEo0UnU?oc=5,Reuters,google_rss,citrus_crop_shock,producer:brazil->orange_juice_supply->ORANGE,unknown,unknown,False,0.45,0.45,0.55,0.0,0.0,False,False,0.0,4.339870492028229,True,True,False,"source=external;trusted=1;anchor=1;trigger=1;root=1;negative=0;noise=0;verified(1h=0,1d=0);query=citrus greening orange crop 2026 Reuters",external
ORANGE,2023-04-12T07:00:00Z,us orange crop falls to 86 year low oj futures hit new record,https://news.google.com/rss/articles/CBMitAFBVV95cUxQS3RzeWhPTTZFZ1I0ZGMxWkw4QlZTYjFtbWw0MGswV19WN0EwSmJDRmwtMjRseUxORUVFSXpoTjV2dlBnQ2Q1bGFpZWVVc0M1a2FVb1lXcjA2MWM0NGJFNUhFaE12NXFVdHh4Wms4N2QyMldiU1laWlJ3d1lDZmNQNlJreDJGOHVLUW5nSWp6NkdZbWliVnFaRWZzcmZWRkQwdDAzUW1CaEM2MS1lTXA1djhIUkk?oc=5,Reuters,google_rss,citrus_crop_shock,producer:brazil->orange_juice_supply->ORANGE,unknown,unknown,False,0.45,0.45,0.55,0.0,0.0,False,False,0.0,4.070007478329599,True,True,False,"source=external;trusted=1;anchor=1;trigger=1;root=1;negative=0;noise=0;verified(1h=0,1d=0);query=citrus greening orange crop 2026 Reuters",external
